The target system is: Android - 1 - aarch64
The host system is: Linux - 6.12.73+deb13-amd64 - x86_64
Compiling the C compiler identification source file "CMakeCCompilerId.c" succeeded.
Compiler: /home/dwitama/Documents/devel/android/Android/sdk/ndk/28.2.13676358/toolchains/llvm/prebuilt/linux-x86_64/bin/clang 
Build flags: -g;-DANDROID;-fdata-sections;-ffunction-sections;-funwind-tables;-fstack-protector-strong;-no-canonical-prefixes;-D_FORTIFY_SOURCE=2;-Wformat;-Werror=format-security;
Id flags: -c;--target=aarch64-none-linux-android21 

The output was:
0


Compilation of the C compiler identification source "CMakeCCompilerId.c" produced "CMakeCCompilerId.o"

The C compiler identification is Clang, found in "/home/dwitama/Documents/devel/c/radengan-app/exper/sdl/android-project/app/.cxx/Debug/4i2o3f3x/arm64-v8a/CMakeFiles/3.22.1-g37088a8/CompilerIdC/CMakeCCompilerId.o"

Compiling the CXX compiler identification source file "CMakeCXXCompilerId.cpp" succeeded.
Compiler: /home/dwitama/Documents/devel/android/Android/sdk/ndk/28.2.13676358/toolchains/llvm/prebuilt/linux-x86_64/bin/clang++ 
Build flags: -g;-DANDROID;-fdata-sections;-ffunction-sections;-funwind-tables;-fstack-protector-strong;-no-canonical-prefixes;-D_FORTIFY_SOURCE=2;-Wformat;-Werror=format-security;;
Id flags: -c;--target=aarch64-none-linux-android21 

The output was:
0


Compilation of the CXX compiler identification source "CMakeCXXCompilerId.cpp" produced "CMakeCXXCompilerId.o"

The CXX compiler identification is Clang, found in "/home/dwitama/Documents/devel/c/radengan-app/exper/sdl/android-project/app/.cxx/Debug/4i2o3f3x/arm64-v8a/CMakeFiles/3.22.1-g37088a8/CompilerIdCXX/CMakeCXXCompilerId.o"

Detecting C compiler ABI info compiled with the following output:
Change Dir: /home/dwitama/Documents/devel/c/radengan-app/exper/sdl/android-project/app/.cxx/Debug/4i2o3f3x/arm64-v8a/CMakeFiles/CMakeTmp

Run Build Command(s):/home/dwitama/Documents/devel/android/Android/sdk/cmake/3.22.1/bin/ninja cmTC_9eb9d && [1/2] Building C object CMakeFiles/cmTC_9eb9d.dir/CMakeCCompilerABI.c.o
Android (13624864, +pgo, +bolt, +lto, +mlgo, based on r530567e) clang version 19.0.1 (https://android.googlesource.com/toolchain/llvm-project 97a699bf4812a18fb657c2779f5296a4ab2694d2)
Target: aarch64-none-linux-android21
Thread model: posix
InstalledDir: /home/dwitama/Documents/devel/android/Android/sdk/ndk/28.2.13676358/toolchains/llvm/prebuilt/linux-x86_64/bin
 (in-process)
 "/home/dwitama/Documents/devel/android/Android/sdk/ndk/28.2.13676358/toolchains/llvm/prebuilt/linux-x86_64/bin/clang" -cc1 -triple aarch64-none-linux-android21 -emit-obj -mrelax-all -disable-free -clear-ast-before-backend -disable-llvm-verifier -discard-value-names -main-file-name CMakeCCompilerABI.c -mrelocation-model pic -pic-level 2 -pic-is-pie -mframe-pointer=non-leaf -ffp-contract=on -fno-rounding-math -mconstructor-aliases -funwind-tables=2 -target-cpu generic -target-feature +v8a -target-feature +fp-armv8 -target-feature +neon -target-feature +fix-cortex-a53-835769 -target-abi aapcs -debug-info-kind=constructor -dwarf-version=4 -debugger-tuning=gdb -fdebug-compilation-dir=/home/dwitama/Documents/devel/c/radengan-app/exper/sdl/android-project/app/.cxx/Debug/4i2o3f3x/arm64-v8a/CMakeFiles/CMakeTmp -v -ffunction-sections -fdata-sections -fcoverage-compilation-dir=/home/dwitama/Documents/devel/c/radengan-app/exper/sdl/android-project/app/.cxx/Debug/4i2o3f3x/arm64-v8a/CMakeFiles/CMakeTmp -resource-dir /home/dwitama/Documents/devel/android/Android/sdk/ndk/28.2.13676358/toolchains/llvm/prebuilt/linux-x86_64/lib/clang/19 -dependency-file CMakeFiles/cmTC_9eb9d.dir/CMakeCCompilerABI.c.o.d -MT CMakeFiles/cmTC_9eb9d.dir/CMakeCCompilerABI.c.o -sys-header-deps -D ANDROID -D _FORTIFY_SOURCE=2 -isysroot /home/dwitama/Documents/devel/android/Android/sdk/ndk/28.2.13676358/toolchains/llvm/prebuilt/linux-x86_64/sysroot -internal-isystem /home/dwitama/Documents/devel/android/Android/sdk/ndk/28.2.13676358/toolchains/llvm/prebuilt/linux-x86_64/lib/clang/19/include -internal-isystem /home/dwitama/Documents/devel/android/Android/sdk/ndk/28.2.13676358/toolchains/llvm/prebuilt/linux-x86_64/sysroot/usr/local/include -internal-externc-isystem /home/dwitama/Documents/devel/android/Android/sdk/ndk/28.2.13676358/toolchains/llvm/prebuilt/linux-x86_64/sysroot/usr/include/aarch64-linux-android -internal-externc-isystem /home/dwitama/Documents/devel/android/Android/sdk/ndk/28.2.13676358/toolchains/llvm/prebuilt/linux-x86_64/sysroot/include -internal-externc-isystem /home/dwitama/Documents/devel/android/Android/sdk/ndk/28.2.13676358/toolchains/llvm/prebuilt/linux-x86_64/sysroot/usr/include -Wformat -ferror-limit 19 -femulated-tls -stack-protector 2 -fno-signed-char -fgnuc-version=4.2.1 -fskip-odr-check-in-gmf -target-feature +outline-atomics -target-feature -fmv -D__GCC_HAVE_DWARF2_CFI_ASM=1 -o CMakeFiles/cmTC_9eb9d.dir/CMakeCCompilerABI.c.o -x c /home/dwitama/Documents/devel/android/Android/sdk/cmake/3.22.1/share/cmake-3.22/Modules/CMakeCCompilerABI.c
clang -cc1 version 19.0.1 based upon LLVM 19.0.1 default target x86_64-unknown-linux-gnu
ignoring nonexistent directory "/home/dwitama/Documents/devel/android/Android/sdk/ndk/28.2.13676358/toolchains/llvm/prebuilt/linux-x86_64/sysroot/usr/local/include"
ignoring nonexistent directory "/home/dwitama/Documents/devel/android/Android/sdk/ndk/28.2.13676358/toolchains/llvm/prebuilt/linux-x86_64/sysroot/include"
#include "..." search starts here:
#include <...> search starts here:
 /home/dwitama/Documents/devel/android/Android/sdk/ndk/28.2.13676358/toolchains/llvm/prebuilt/linux-x86_64/lib/clang/19/include
 /home/dwitama/Documents/devel/android/Android/sdk/ndk/28.2.13676358/toolchains/llvm/prebuilt/linux-x86_64/sysroot/usr/include/aarch64-linux-android
 /home/dwitama/Documents/devel/android/Android/sdk/ndk/28.2.13676358/toolchains/llvm/prebuilt/linux-x86_64/sysroot/usr/include
End of search list.
[2/2] Linking C executable cmTC_9eb9d
Android (13624864, +pgo, +bolt, +lto, +mlgo, based on r530567e) clang version 19.0.1 (https://android.googlesource.com/toolchain/llvm-project 97a699bf4812a18fb657c2779f5296a4ab2694d2)
Target: aarch64-none-linux-android21
Thread model: posix
InstalledDir: /home/dwitama/Documents/devel/android/Android/sdk/ndk/28.2.13676358/toolchains/llvm/prebuilt/linux-x86_64/bin
 "/home/dwitama/Documents/devel/android/Android/sdk/ndk/28.2.13676358/toolchains/llvm/prebuilt/linux-x86_64/bin/ld.lld" --sysroot=/home/dwitama/Documents/devel/android/Android/sdk/ndk/28.2.13676358/toolchains/llvm/prebuilt/linux-x86_64/sysroot -EL --fix-cortex-a53-843419 -z now -z relro -z max-page-size=16384 --hash-style=both --eh-frame-hdr -m aarch64linux -pie -dynamic-linker /system/bin/linker64 -o cmTC_9eb9d /home/dwitama/Documents/devel/android/Android/sdk/ndk/28.2.13676358/toolchains/llvm/prebuilt/linux-x86_64/sysroot/usr/lib/aarch64-linux-android/21/crtbegin_dynamic.o -L/home/dwitama/Documents/devel/android/Android/sdk/ndk/28.2.13676358/toolchains/llvm/prebuilt/linux-x86_64/lib/clang/19/lib/linux/aarch64 -L/home/dwitama/Documents/devel/android/Android/sdk/ndk/28.2.13676358/toolchains/llvm/prebuilt/linux-x86_64/sysroot/usr/lib/aarch64-linux-android/21 -L/home/dwitama/Documents/devel/android/Android/sdk/ndk/28.2.13676358/toolchains/llvm/prebuilt/linux-x86_64/sysroot/usr/lib/aarch64-linux-android -L/home/dwitama/Documents/devel/android/Android/sdk/ndk/28.2.13676358/toolchains/llvm/prebuilt/linux-x86_64/sysroot/usr/lib --build-id=sha1 --no-rosegment --no-undefined-version --fatal-warnings --no-undefined CMakeFiles/cmTC_9eb9d.dir/CMakeCCompilerABI.c.o /home/dwitama/Documents/devel/android/Android/sdk/ndk/28.2.13676358/toolchains/llvm/prebuilt/linux-x86_64/lib/clang/19/lib/linux/libclang_rt.builtins-aarch64-android.a -l:libunwind.a -ldl -lc /home/dwitama/Documents/devel/android/Android/sdk/ndk/28.2.13676358/toolchains/llvm/prebuilt/linux-x86_64/lib/clang/19/lib/linux/libclang_rt.builtins-aarch64-android.a -l:libunwind.a -ldl /home/dwitama/Documents/devel/android/Android/sdk/ndk/28.2.13676358/toolchains/llvm/prebuilt/linux-x86_64/sysroot/usr/lib/aarch64-linux-android/21/crtend_android.o



Parsed C implicit include dir info from above output: rv=done
  found start of include info
  found start of implicit include info
    add: [/home/dwitama/Documents/devel/android/Android/sdk/ndk/28.2.13676358/toolchains/llvm/prebuilt/linux-x86_64/lib/clang/19/include]
    add: [/home/dwitama/Documents/devel/android/Android/sdk/ndk/28.2.13676358/toolchains/llvm/prebuilt/linux-x86_64/sysroot/usr/include/aarch64-linux-android]
    add: [/home/dwitama/Documents/devel/android/Android/sdk/ndk/28.2.13676358/toolchains/llvm/prebuilt/linux-x86_64/sysroot/usr/include]
  end of search list found
  collapse include dir [/home/dwitama/Documents/devel/android/Android/sdk/ndk/28.2.13676358/toolchains/llvm/prebuilt/linux-x86_64/lib/clang/19/include] ==> [/home/dwitama/Documents/devel/android/Android/sdk/ndk/28.2.13676358/toolchains/llvm/prebuilt/linux-x86_64/lib/clang/19/include]
  collapse include dir [/home/dwitama/Documents/devel/android/Android/sdk/ndk/28.2.13676358/toolchains/llvm/prebuilt/linux-x86_64/sysroot/usr/include/aarch64-linux-android] ==> [/home/dwitama/Documents/devel/android/Android/sdk/ndk/28.2.13676358/toolchains/llvm/prebuilt/linux-x86_64/sysroot/usr/include/aarch64-linux-android]
  collapse include dir [/home/dwitama/Documents/devel/android/Android/sdk/ndk/28.2.13676358/toolchains/llvm/prebuilt/linux-x86_64/sysroot/usr/include] ==> [/home/dwitama/Documents/devel/android/Android/sdk/ndk/28.2.13676358/toolchains/llvm/prebuilt/linux-x86_64/sysroot/usr/include]
  implicit include dirs: [/home/dwitama/Documents/devel/android/Android/sdk/ndk/28.2.13676358/toolchains/llvm/prebuilt/linux-x86_64/lib/clang/19/include;/home/dwitama/Documents/devel/android/Android/sdk/ndk/28.2.13676358/toolchains/llvm/prebuilt/linux-x86_64/sysroot/usr/include/aarch64-linux-android;/home/dwitama/Documents/devel/android/Android/sdk/ndk/28.2.13676358/toolchains/llvm/prebuilt/linux-x86_64/sysroot/usr/include]


Parsed C implicit link information from above output:
  link line regex: [^( *|.*[/\])(ld\.lld|CMAKE_LINK_STARTFILE-NOTFOUND|([^/\]+-)?ld|collect2)[^/\]*( |$)]
  ignore line: [Change Dir: /home/dwitama/Documents/devel/c/radengan-app/exper/sdl/android-project/app/.cxx/Debug/4i2o3f3x/arm64-v8a/CMakeFiles/CMakeTmp]
  ignore line: []
  ignore line: [Run Build Command(s):/home/dwitama/Documents/devel/android/Android/sdk/cmake/3.22.1/bin/ninja cmTC_9eb9d && [1/2] Building C object CMakeFiles/cmTC_9eb9d.dir/CMakeCCompilerABI.c.o]
  ignore line: [Android (13624864  +pgo  +bolt  +lto  +mlgo  based on r530567e) clang version 19.0.1 (https://android.googlesource.com/toolchain/llvm-project 97a699bf4812a18fb657c2779f5296a4ab2694d2)]
  ignore line: [Target: aarch64-none-linux-android21]
  ignore line: [Thread model: posix]
  ignore line: [InstalledDir: /home/dwitama/Documents/devel/android/Android/sdk/ndk/28.2.13676358/toolchains/llvm/prebuilt/linux-x86_64/bin]
  ignore line: [ (in-process)]
  ignore line: [ "/home/dwitama/Documents/devel/android/Android/sdk/ndk/28.2.13676358/toolchains/llvm/prebuilt/linux-x86_64/bin/clang" -cc1 -triple aarch64-none-linux-android21 -emit-obj -mrelax-all -disable-free -clear-ast-before-backend -disable-llvm-verifier -discard-value-names -main-file-name CMakeCCompilerABI.c -mrelocation-model pic -pic-level 2 -pic-is-pie -mframe-pointer=non-leaf -ffp-contract=on -fno-rounding-math -mconstructor-aliases -funwind-tables=2 -target-cpu generic -target-feature +v8a -target-feature +fp-armv8 -target-feature +neon -target-feature +fix-cortex-a53-835769 -target-abi aapcs -debug-info-kind=constructor -dwarf-version=4 -debugger-tuning=gdb -fdebug-compilation-dir=/home/dwitama/Documents/devel/c/radengan-app/exper/sdl/android-project/app/.cxx/Debug/4i2o3f3x/arm64-v8a/CMakeFiles/CMakeTmp -v -ffunction-sections -fdata-sections -fcoverage-compilation-dir=/home/dwitama/Documents/devel/c/radengan-app/exper/sdl/android-project/app/.cxx/Debug/4i2o3f3x/arm64-v8a/CMakeFiles/CMakeTmp -resource-dir /home/dwitama/Documents/devel/android/Android/sdk/ndk/28.2.13676358/toolchains/llvm/prebuilt/linux-x86_64/lib/clang/19 -dependency-file CMakeFiles/cmTC_9eb9d.dir/CMakeCCompilerABI.c.o.d -MT CMakeFiles/cmTC_9eb9d.dir/CMakeCCompilerABI.c.o -sys-header-deps -D ANDROID -D _FORTIFY_SOURCE=2 -isysroot /home/dwitama/Documents/devel/android/Android/sdk/ndk/28.2.13676358/toolchains/llvm/prebuilt/linux-x86_64/sysroot -internal-isystem /home/dwitama/Documents/devel/android/Android/sdk/ndk/28.2.13676358/toolchains/llvm/prebuilt/linux-x86_64/lib/clang/19/include -internal-isystem /home/dwitama/Documents/devel/android/Android/sdk/ndk/28.2.13676358/toolchains/llvm/prebuilt/linux-x86_64/sysroot/usr/local/include -internal-externc-isystem /home/dwitama/Documents/devel/android/Android/sdk/ndk/28.2.13676358/toolchains/llvm/prebuilt/linux-x86_64/sysroot/usr/include/aarch64-linux-android -internal-externc-isystem /home/dwitama/Documents/devel/android/Android/sdk/ndk/28.2.13676358/toolchains/llvm/prebuilt/linux-x86_64/sysroot/include -internal-externc-isystem /home/dwitama/Documents/devel/android/Android/sdk/ndk/28.2.13676358/toolchains/llvm/prebuilt/linux-x86_64/sysroot/usr/include -Wformat -ferror-limit 19 -femulated-tls -stack-protector 2 -fno-signed-char -fgnuc-version=4.2.1 -fskip-odr-check-in-gmf -target-feature +outline-atomics -target-feature -fmv -D__GCC_HAVE_DWARF2_CFI_ASM=1 -o CMakeFiles/cmTC_9eb9d.dir/CMakeCCompilerABI.c.o -x c /home/dwitama/Documents/devel/android/Android/sdk/cmake/3.22.1/share/cmake-3.22/Modules/CMakeCCompilerABI.c]
  ignore line: [clang -cc1 version 19.0.1 based upon LLVM 19.0.1 default target x86_64-unknown-linux-gnu]
  ignore line: [ignoring nonexistent directory "/home/dwitama/Documents/devel/android/Android/sdk/ndk/28.2.13676358/toolchains/llvm/prebuilt/linux-x86_64/sysroot/usr/local/include"]
  ignore line: [ignoring nonexistent directory "/home/dwitama/Documents/devel/android/Android/sdk/ndk/28.2.13676358/toolchains/llvm/prebuilt/linux-x86_64/sysroot/include"]
  ignore line: [#include "..." search starts here:]
  ignore line: [#include <...> search starts here:]
  ignore line: [ /home/dwitama/Documents/devel/android/Android/sdk/ndk/28.2.13676358/toolchains/llvm/prebuilt/linux-x86_64/lib/clang/19/include]
  ignore line: [ /home/dwitama/Documents/devel/android/Android/sdk/ndk/28.2.13676358/toolchains/llvm/prebuilt/linux-x86_64/sysroot/usr/include/aarch64-linux-android]
  ignore line: [ /home/dwitama/Documents/devel/android/Android/sdk/ndk/28.2.13676358/toolchains/llvm/prebuilt/linux-x86_64/sysroot/usr/include]
  ignore line: [End of search list.]
  ignore line: [[2/2] Linking C executable cmTC_9eb9d]
  ignore line: [Android (13624864  +pgo  +bolt  +lto  +mlgo  based on r530567e) clang version 19.0.1 (https://android.googlesource.com/toolchain/llvm-project 97a699bf4812a18fb657c2779f5296a4ab2694d2)]
  ignore line: [Target: aarch64-none-linux-android21]
  ignore line: [Thread model: posix]
  ignore line: [InstalledDir: /home/dwitama/Documents/devel/android/Android/sdk/ndk/28.2.13676358/toolchains/llvm/prebuilt/linux-x86_64/bin]
  link line: [ "/home/dwitama/Documents/devel/android/Android/sdk/ndk/28.2.13676358/toolchains/llvm/prebuilt/linux-x86_64/bin/ld.lld" --sysroot=/home/dwitama/Documents/devel/android/Android/sdk/ndk/28.2.13676358/toolchains/llvm/prebuilt/linux-x86_64/sysroot -EL --fix-cortex-a53-843419 -z now -z relro -z max-page-size=16384 --hash-style=both --eh-frame-hdr -m aarch64linux -pie -dynamic-linker /system/bin/linker64 -o cmTC_9eb9d /home/dwitama/Documents/devel/android/Android/sdk/ndk/28.2.13676358/toolchains/llvm/prebuilt/linux-x86_64/sysroot/usr/lib/aarch64-linux-android/21/crtbegin_dynamic.o -L/home/dwitama/Documents/devel/android/Android/sdk/ndk/28.2.13676358/toolchains/llvm/prebuilt/linux-x86_64/lib/clang/19/lib/linux/aarch64 -L/home/dwitama/Documents/devel/android/Android/sdk/ndk/28.2.13676358/toolchains/llvm/prebuilt/linux-x86_64/sysroot/usr/lib/aarch64-linux-android/21 -L/home/dwitama/Documents/devel/android/Android/sdk/ndk/28.2.13676358/toolchains/llvm/prebuilt/linux-x86_64/sysroot/usr/lib/aarch64-linux-android -L/home/dwitama/Documents/devel/android/Android/sdk/ndk/28.2.13676358/toolchains/llvm/prebuilt/linux-x86_64/sysroot/usr/lib --build-id=sha1 --no-rosegment --no-undefined-version --fatal-warnings --no-undefined CMakeFiles/cmTC_9eb9d.dir/CMakeCCompilerABI.c.o /home/dwitama/Documents/devel/android/Android/sdk/ndk/28.2.13676358/toolchains/llvm/prebuilt/linux-x86_64/lib/clang/19/lib/linux/libclang_rt.builtins-aarch64-android.a -l:libunwind.a -ldl -lc /home/dwitama/Documents/devel/android/Android/sdk/ndk/28.2.13676358/toolchains/llvm/prebuilt/linux-x86_64/lib/clang/19/lib/linux/libclang_rt.builtins-aarch64-android.a -l:libunwind.a -ldl /home/dwitama/Documents/devel/android/Android/sdk/ndk/28.2.13676358/toolchains/llvm/prebuilt/linux-x86_64/sysroot/usr/lib/aarch64-linux-android/21/crtend_android.o]
    arg [/home/dwitama/Documents/devel/android/Android/sdk/ndk/28.2.13676358/toolchains/llvm/prebuilt/linux-x86_64/bin/ld.lld] ==> ignore
    arg [--sysroot=/home/dwitama/Documents/devel/android/Android/sdk/ndk/28.2.13676358/toolchains/llvm/prebuilt/linux-x86_64/sysroot] ==> ignore
    arg [-EL] ==> ignore
    arg [--fix-cortex-a53-843419] ==> ignore
    arg [-znow] ==> ignore
    arg [-zrelro] ==> ignore
    arg [-zmax-page-size=16384] ==> ignore
    arg [--hash-style=both] ==> ignore
    arg [--eh-frame-hdr] ==> ignore
    arg [-m] ==> ignore
    arg [aarch64linux] ==> ignore
    arg [-pie] ==> ignore
    arg [-dynamic-linker] ==> ignore
    arg [/system/bin/linker64] ==> ignore
    arg [-o] ==> ignore
    arg [cmTC_9eb9d] ==> ignore
    arg [/home/dwitama/Documents/devel/android/Android/sdk/ndk/28.2.13676358/toolchains/llvm/prebuilt/linux-x86_64/sysroot/usr/lib/aarch64-linux-android/21/crtbegin_dynamic.o] ==> obj [/home/dwitama/Documents/devel/android/Android/sdk/ndk/28.2.13676358/toolchains/llvm/prebuilt/linux-x86_64/sysroot/usr/lib/aarch64-linux-android/21/crtbegin_dynamic.o]
    arg [-L/home/dwitama/Documents/devel/android/Android/sdk/ndk/28.2.13676358/toolchains/llvm/prebuilt/linux-x86_64/lib/clang/19/lib/linux/aarch64] ==> dir [/home/dwitama/Documents/devel/android/Android/sdk/ndk/28.2.13676358/toolchains/llvm/prebuilt/linux-x86_64/lib/clang/19/lib/linux/aarch64]
    arg [-L/home/dwitama/Documents/devel/android/Android/sdk/ndk/28.2.13676358/toolchains/llvm/prebuilt/linux-x86_64/sysroot/usr/lib/aarch64-linux-android/21] ==> dir [/home/dwitama/Documents/devel/android/Android/sdk/ndk/28.2.13676358/toolchains/llvm/prebuilt/linux-x86_64/sysroot/usr/lib/aarch64-linux-android/21]
    arg [-L/home/dwitama/Documents/devel/android/Android/sdk/ndk/28.2.13676358/toolchains/llvm/prebuilt/linux-x86_64/sysroot/usr/lib/aarch64-linux-android] ==> dir [/home/dwitama/Documents/devel/android/Android/sdk/ndk/28.2.13676358/toolchains/llvm/prebuilt/linux-x86_64/sysroot/usr/lib/aarch64-linux-android]
    arg [-L/home/dwitama/Documents/devel/android/Android/sdk/ndk/28.2.13676358/toolchains/llvm/prebuilt/linux-x86_64/sysroot/usr/lib] ==> dir [/home/dwitama/Documents/devel/android/Android/sdk/ndk/28.2.13676358/toolchains/llvm/prebuilt/linux-x86_64/sysroot/usr/lib]
    arg [--build-id=sha1] ==> ignore
    arg [--no-rosegment] ==> ignore
    arg [--no-undefined-version] ==> ignore
    arg [--fatal-warnings] ==> ignore
    arg [--no-undefined] ==> ignore
    arg [CMakeFiles/cmTC_9eb9d.dir/CMakeCCompilerABI.c.o] ==> ignore
    arg [/home/dwitama/Documents/devel/android/Android/sdk/ndk/28.2.13676358/toolchains/llvm/prebuilt/linux-x86_64/lib/clang/19/lib/linux/libclang_rt.builtins-aarch64-android.a] ==> lib [/home/dwitama/Documents/devel/android/Android/sdk/ndk/28.2.13676358/toolchains/llvm/prebuilt/linux-x86_64/lib/clang/19/lib/linux/libclang_rt.builtins-aarch64-android.a]
    arg [-l:libunwind.a] ==> lib [-l:libunwind.a]
    arg [-ldl] ==> lib [dl]
    arg [-lc] ==> lib [c]
    arg [/home/dwitama/Documents/devel/android/Android/sdk/ndk/28.2.13676358/toolchains/llvm/prebuilt/linux-x86_64/lib/clang/19/lib/linux/libclang_rt.builtins-aarch64-android.a] ==> lib [/home/dwitama/Documents/devel/android/Android/sdk/ndk/28.2.13676358/toolchains/llvm/prebuilt/linux-x86_64/lib/clang/19/lib/linux/libclang_rt.builtins-aarch64-android.a]
    arg [-l:libunwind.a] ==> lib [-l:libunwind.a]
    arg [-ldl] ==> lib [dl]
    arg [/home/dwitama/Documents/devel/android/Android/sdk/ndk/28.2.13676358/toolchains/llvm/prebuilt/linux-x86_64/sysroot/usr/lib/aarch64-linux-android/21/crtend_android.o] ==> obj [/home/dwitama/Documents/devel/android/Android/sdk/ndk/28.2.13676358/toolchains/llvm/prebuilt/linux-x86_64/sysroot/usr/lib/aarch64-linux-android/21/crtend_android.o]
  remove lib [/home/dwitama/Documents/devel/android/Android/sdk/ndk/28.2.13676358/toolchains/llvm/prebuilt/linux-x86_64/lib/clang/19/lib/linux/libclang_rt.builtins-aarch64-android.a]
  remove lib [/home/dwitama/Documents/devel/android/Android/sdk/ndk/28.2.13676358/toolchains/llvm/prebuilt/linux-x86_64/lib/clang/19/lib/linux/libclang_rt.builtins-aarch64-android.a]
  collapse library dir [/home/dwitama/Documents/devel/android/Android/sdk/ndk/28.2.13676358/toolchains/llvm/prebuilt/linux-x86_64/lib/clang/19/lib/linux/aarch64] ==> [/home/dwitama/Documents/devel/android/Android/sdk/ndk/28.2.13676358/toolchains/llvm/prebuilt/linux-x86_64/lib/clang/19/lib/linux/aarch64]
  collapse library dir [/home/dwitama/Documents/devel/android/Android/sdk/ndk/28.2.13676358/toolchains/llvm/prebuilt/linux-x86_64/sysroot/usr/lib/aarch64-linux-android/21] ==> [/home/dwitama/Documents/devel/android/Android/sdk/ndk/28.2.13676358/toolchains/llvm/prebuilt/linux-x86_64/sysroot/usr/lib/aarch64-linux-android/21]
  collapse library dir [/home/dwitama/Documents/devel/android/Android/sdk/ndk/28.2.13676358/toolchains/llvm/prebuilt/linux-x86_64/sysroot/usr/lib/aarch64-linux-android] ==> [/home/dwitama/Documents/devel/android/Android/sdk/ndk/28.2.13676358/toolchains/llvm/prebuilt/linux-x86_64/sysroot/usr/lib/aarch64-linux-android]
  collapse library dir [/home/dwitama/Documents/devel/android/Android/sdk/ndk/28.2.13676358/toolchains/llvm/prebuilt/linux-x86_64/sysroot/usr/lib] ==> [/home/dwitama/Documents/devel/android/Android/sdk/ndk/28.2.13676358/toolchains/llvm/prebuilt/linux-x86_64/sysroot/usr/lib]
  implicit libs: [-l:libunwind.a;dl;c;-l:libunwind.a;dl]
  implicit objs: [/home/dwitama/Documents/devel/android/Android/sdk/ndk/28.2.13676358/toolchains/llvm/prebuilt/linux-x86_64/sysroot/usr/lib/aarch64-linux-android/21/crtbegin_dynamic.o;/home/dwitama/Documents/devel/android/Android/sdk/ndk/28.2.13676358/toolchains/llvm/prebuilt/linux-x86_64/sysroot/usr/lib/aarch64-linux-android/21/crtend_android.o]
  implicit dirs: [/home/dwitama/Documents/devel/android/Android/sdk/ndk/28.2.13676358/toolchains/llvm/prebuilt/linux-x86_64/lib/clang/19/lib/linux/aarch64;/home/dwitama/Documents/devel/android/Android/sdk/ndk/28.2.13676358/toolchains/llvm/prebuilt/linux-x86_64/sysroot/usr/lib/aarch64-linux-android/21;/home/dwitama/Documents/devel/android/Android/sdk/ndk/28.2.13676358/toolchains/llvm/prebuilt/linux-x86_64/sysroot/usr/lib/aarch64-linux-android;/home/dwitama/Documents/devel/android/Android/sdk/ndk/28.2.13676358/toolchains/llvm/prebuilt/linux-x86_64/sysroot/usr/lib]
  implicit fwks: []


Detecting CXX compiler ABI info compiled with the following output:
Change Dir: /home/dwitama/Documents/devel/c/radengan-app/exper/sdl/android-project/app/.cxx/Debug/4i2o3f3x/arm64-v8a/CMakeFiles/CMakeTmp

Run Build Command(s):/home/dwitama/Documents/devel/android/Android/sdk/cmake/3.22.1/bin/ninja cmTC_772de && [1/2] Building CXX object CMakeFiles/cmTC_772de.dir/CMakeCXXCompilerABI.cpp.o
Android (13624864, +pgo, +bolt, +lto, +mlgo, based on r530567e) clang version 19.0.1 (https://android.googlesource.com/toolchain/llvm-project 97a699bf4812a18fb657c2779f5296a4ab2694d2)
Target: aarch64-none-linux-android21
Thread model: posix
InstalledDir: /home/dwitama/Documents/devel/android/Android/sdk/ndk/28.2.13676358/toolchains/llvm/prebuilt/linux-x86_64/bin
 (in-process)
 "/home/dwitama/Documents/devel/android/Android/sdk/ndk/28.2.13676358/toolchains/llvm/prebuilt/linux-x86_64/bin/clang++" -cc1 -triple aarch64-none-linux-android21 -emit-obj -mrelax-all -disable-free -clear-ast-before-backend -disable-llvm-verifier -discard-value-names -main-file-name CMakeCXXCompilerABI.cpp -mrelocation-model pic -pic-level 2 -pic-is-pie -mframe-pointer=non-leaf -ffp-contract=on -fno-rounding-math -mconstructor-aliases -funwind-tables=2 -target-cpu generic -target-feature +v8a -target-feature +fp-armv8 -target-feature +neon -target-feature +fix-cortex-a53-835769 -target-abi aapcs -debug-info-kind=constructor -dwarf-version=4 -debugger-tuning=gdb -fdebug-compilation-dir=/home/dwitama/Documents/devel/c/radengan-app/exper/sdl/android-project/app/.cxx/Debug/4i2o3f3x/arm64-v8a/CMakeFiles/CMakeTmp -v -ffunction-sections -fdata-sections -fcoverage-compilation-dir=/home/dwitama/Documents/devel/c/radengan-app/exper/sdl/android-project/app/.cxx/Debug/4i2o3f3x/arm64-v8a/CMakeFiles/CMakeTmp -resource-dir /home/dwitama/Documents/devel/android/Android/sdk/ndk/28.2.13676358/toolchains/llvm/prebuilt/linux-x86_64/lib/clang/19 -dependency-file CMakeFiles/cmTC_772de.dir/CMakeCXXCompilerABI.cpp.o.d -MT CMakeFiles/cmTC_772de.dir/CMakeCXXCompilerABI.cpp.o -sys-header-deps -D ANDROID -D _FORTIFY_SOURCE=2 -isysroot /home/dwitama/Documents/devel/android/Android/sdk/ndk/28.2.13676358/toolchains/llvm/prebuilt/linux-x86_64/sysroot -internal-isystem /home/dwitama/Documents/devel/android/Android/sdk/ndk/28.2.13676358/toolchains/llvm/prebuilt/linux-x86_64/sysroot/usr/include/c++/v1 -internal-isystem /home/dwitama/Documents/devel/android/Android/sdk/ndk/28.2.13676358/toolchains/llvm/prebuilt/linux-x86_64/lib/clang/19/include -internal-isystem /home/dwitama/Documents/devel/android/Android/sdk/ndk/28.2.13676358/toolchains/llvm/prebuilt/linux-x86_64/sysroot/usr/local/include -internal-externc-isystem /home/dwitama/Documents/devel/android/Android/sdk/ndk/28.2.13676358/toolchains/llvm/prebuilt/linux-x86_64/sysroot/usr/include/aarch64-linux-android -internal-externc-isystem /home/dwitama/Documents/devel/android/Android/sdk/ndk/28.2.13676358/toolchains/llvm/prebuilt/linux-x86_64/sysroot/include -internal-externc-isystem /home/dwitama/Documents/devel/android/Android/sdk/ndk/28.2.13676358/toolchains/llvm/prebuilt/linux-x86_64/sysroot/usr/include -Wformat -fdeprecated-macro -ferror-limit 19 -femulated-tls -stack-protector 2 -fno-signed-char -fgnuc-version=4.2.1 -fskip-odr-check-in-gmf -fcxx-exceptions -fexceptions -target-feature +outline-atomics -target-feature -fmv -D__GCC_HAVE_DWARF2_CFI_ASM=1 -o CMakeFiles/cmTC_772de.dir/CMakeCXXCompilerABI.cpp.o -x c++ /home/dwitama/Documents/devel/android/Android/sdk/cmake/3.22.1/share/cmake-3.22/Modules/CMakeCXXCompilerABI.cpp
clang -cc1 version 19.0.1 based upon LLVM 19.0.1 default target x86_64-unknown-linux-gnu
ignoring nonexistent directory "/home/dwitama/Documents/devel/android/Android/sdk/ndk/28.2.13676358/toolchains/llvm/prebuilt/linux-x86_64/sysroot/usr/local/include"
ignoring nonexistent directory "/home/dwitama/Documents/devel/android/Android/sdk/ndk/28.2.13676358/toolchains/llvm/prebuilt/linux-x86_64/sysroot/include"
#include "..." search starts here:
#include <...> search starts here:
 /home/dwitama/Documents/devel/android/Android/sdk/ndk/28.2.13676358/toolchains/llvm/prebuilt/linux-x86_64/sysroot/usr/include/c++/v1
 /home/dwitama/Documents/devel/android/Android/sdk/ndk/28.2.13676358/toolchains/llvm/prebuilt/linux-x86_64/lib/clang/19/include
 /home/dwitama/Documents/devel/android/Android/sdk/ndk/28.2.13676358/toolchains/llvm/prebuilt/linux-x86_64/sysroot/usr/include/aarch64-linux-android
 /home/dwitama/Documents/devel/android/Android/sdk/ndk/28.2.13676358/toolchains/llvm/prebuilt/linux-x86_64/sysroot/usr/include
End of search list.
[2/2] Linking CXX executable cmTC_772de
Android (13624864, +pgo, +bolt, +lto, +mlgo, based on r530567e) clang version 19.0.1 (https://android.googlesource.com/toolchain/llvm-project 97a699bf4812a18fb657c2779f5296a4ab2694d2)
Target: aarch64-none-linux-android21
Thread model: posix
InstalledDir: /home/dwitama/Documents/devel/android/Android/sdk/ndk/28.2.13676358/toolchains/llvm/prebuilt/linux-x86_64/bin
 "/home/dwitama/Documents/devel/android/Android/sdk/ndk/28.2.13676358/toolchains/llvm/prebuilt/linux-x86_64/bin/ld.lld" --sysroot=/home/dwitama/Documents/devel/android/Android/sdk/ndk/28.2.13676358/toolchains/llvm/prebuilt/linux-x86_64/sysroot -EL --fix-cortex-a53-843419 -z now -z relro -z max-page-size=16384 --hash-style=both --eh-frame-hdr -m aarch64linux -pie -dynamic-linker /system/bin/linker64 -o cmTC_772de /home/dwitama/Documents/devel/android/Android/sdk/ndk/28.2.13676358/toolchains/llvm/prebuilt/linux-x86_64/sysroot/usr/lib/aarch64-linux-android/21/crtbegin_dynamic.o -L/home/dwitama/Documents/devel/android/Android/sdk/ndk/28.2.13676358/toolchains/llvm/prebuilt/linux-x86_64/lib/clang/19/lib/linux/aarch64 -L/home/dwitama/Documents/devel/android/Android/sdk/ndk/28.2.13676358/toolchains/llvm/prebuilt/linux-x86_64/sysroot/usr/lib/aarch64-linux-android/21 -L/home/dwitama/Documents/devel/android/Android/sdk/ndk/28.2.13676358/toolchains/llvm/prebuilt/linux-x86_64/sysroot/usr/lib/aarch64-linux-android -L/home/dwitama/Documents/devel/android/Android/sdk/ndk/28.2.13676358/toolchains/llvm/prebuilt/linux-x86_64/sysroot/usr/lib --build-id=sha1 --no-rosegment --no-undefined-version --fatal-warnings --no-undefined CMakeFiles/cmTC_772de.dir/CMakeCXXCompilerABI.cpp.o -Bstatic -lc++ -Bdynamic -lm /home/dwitama/Documents/devel/android/Android/sdk/ndk/28.2.13676358/toolchains/llvm/prebuilt/linux-x86_64/lib/clang/19/lib/linux/libclang_rt.builtins-aarch64-android.a -l:libunwind.a -ldl -lc /home/dwitama/Documents/devel/android/Android/sdk/ndk/28.2.13676358/toolchains/llvm/prebuilt/linux-x86_64/lib/clang/19/lib/linux/libclang_rt.builtins-aarch64-android.a -l:libunwind.a -ldl /home/dwitama/Documents/devel/android/Android/sdk/ndk/28.2.13676358/toolchains/llvm/prebuilt/linux-x86_64/sysroot/usr/lib/aarch64-linux-android/21/crtend_android.o



Parsed CXX implicit include dir info from above output: rv=done
  found start of include info
  found start of implicit include info
    add: [/home/dwitama/Documents/devel/android/Android/sdk/ndk/28.2.13676358/toolchains/llvm/prebuilt/linux-x86_64/sysroot/usr/include/c++/v1]
    add: [/home/dwitama/Documents/devel/android/Android/sdk/ndk/28.2.13676358/toolchains/llvm/prebuilt/linux-x86_64/lib/clang/19/include]
    add: [/home/dwitama/Documents/devel/android/Android/sdk/ndk/28.2.13676358/toolchains/llvm/prebuilt/linux-x86_64/sysroot/usr/include/aarch64-linux-android]
    add: [/home/dwitama/Documents/devel/android/Android/sdk/ndk/28.2.13676358/toolchains/llvm/prebuilt/linux-x86_64/sysroot/usr/include]
  end of search list found
  collapse include dir [/home/dwitama/Documents/devel/android/Android/sdk/ndk/28.2.13676358/toolchains/llvm/prebuilt/linux-x86_64/sysroot/usr/include/c++/v1] ==> [/home/dwitama/Documents/devel/android/Android/sdk/ndk/28.2.13676358/toolchains/llvm/prebuilt/linux-x86_64/sysroot/usr/include/c++/v1]
  collapse include dir [/home/dwitama/Documents/devel/android/Android/sdk/ndk/28.2.13676358/toolchains/llvm/prebuilt/linux-x86_64/lib/clang/19/include] ==> [/home/dwitama/Documents/devel/android/Android/sdk/ndk/28.2.13676358/toolchains/llvm/prebuilt/linux-x86_64/lib/clang/19/include]
  collapse include dir [/home/dwitama/Documents/devel/android/Android/sdk/ndk/28.2.13676358/toolchains/llvm/prebuilt/linux-x86_64/sysroot/usr/include/aarch64-linux-android] ==> [/home/dwitama/Documents/devel/android/Android/sdk/ndk/28.2.13676358/toolchains/llvm/prebuilt/linux-x86_64/sysroot/usr/include/aarch64-linux-android]
  collapse include dir [/home/dwitama/Documents/devel/android/Android/sdk/ndk/28.2.13676358/toolchains/llvm/prebuilt/linux-x86_64/sysroot/usr/include] ==> [/home/dwitama/Documents/devel/android/Android/sdk/ndk/28.2.13676358/toolchains/llvm/prebuilt/linux-x86_64/sysroot/usr/include]
  implicit include dirs: [/home/dwitama/Documents/devel/android/Android/sdk/ndk/28.2.13676358/toolchains/llvm/prebuilt/linux-x86_64/sysroot/usr/include/c++/v1;/home/dwitama/Documents/devel/android/Android/sdk/ndk/28.2.13676358/toolchains/llvm/prebuilt/linux-x86_64/lib/clang/19/include;/home/dwitama/Documents/devel/android/Android/sdk/ndk/28.2.13676358/toolchains/llvm/prebuilt/linux-x86_64/sysroot/usr/include/aarch64-linux-android;/home/dwitama/Documents/devel/android/Android/sdk/ndk/28.2.13676358/toolchains/llvm/prebuilt/linux-x86_64/sysroot/usr/include]


Parsed CXX implicit link information from above output:
  link line regex: [^( *|.*[/\])(ld\.lld|CMAKE_LINK_STARTFILE-NOTFOUND|([^/\]+-)?ld|collect2)[^/\]*( |$)]
  ignore line: [Change Dir: /home/dwitama/Documents/devel/c/radengan-app/exper/sdl/android-project/app/.cxx/Debug/4i2o3f3x/arm64-v8a/CMakeFiles/CMakeTmp]
  ignore line: []
  ignore line: [Run Build Command(s):/home/dwitama/Documents/devel/android/Android/sdk/cmake/3.22.1/bin/ninja cmTC_772de && [1/2] Building CXX object CMakeFiles/cmTC_772de.dir/CMakeCXXCompilerABI.cpp.o]
  ignore line: [Android (13624864  +pgo  +bolt  +lto  +mlgo  based on r530567e) clang version 19.0.1 (https://android.googlesource.com/toolchain/llvm-project 97a699bf4812a18fb657c2779f5296a4ab2694d2)]
  ignore line: [Target: aarch64-none-linux-android21]
  ignore line: [Thread model: posix]
  ignore line: [InstalledDir: /home/dwitama/Documents/devel/android/Android/sdk/ndk/28.2.13676358/toolchains/llvm/prebuilt/linux-x86_64/bin]
  ignore line: [ (in-process)]
  ignore line: [ "/home/dwitama/Documents/devel/android/Android/sdk/ndk/28.2.13676358/toolchains/llvm/prebuilt/linux-x86_64/bin/clang++" -cc1 -triple aarch64-none-linux-android21 -emit-obj -mrelax-all -disable-free -clear-ast-before-backend -disable-llvm-verifier -discard-value-names -main-file-name CMakeCXXCompilerABI.cpp -mrelocation-model pic -pic-level 2 -pic-is-pie -mframe-pointer=non-leaf -ffp-contract=on -fno-rounding-math -mconstructor-aliases -funwind-tables=2 -target-cpu generic -target-feature +v8a -target-feature +fp-armv8 -target-feature +neon -target-feature +fix-cortex-a53-835769 -target-abi aapcs -debug-info-kind=constructor -dwarf-version=4 -debugger-tuning=gdb -fdebug-compilation-dir=/home/dwitama/Documents/devel/c/radengan-app/exper/sdl/android-project/app/.cxx/Debug/4i2o3f3x/arm64-v8a/CMakeFiles/CMakeTmp -v -ffunction-sections -fdata-sections -fcoverage-compilation-dir=/home/dwitama/Documents/devel/c/radengan-app/exper/sdl/android-project/app/.cxx/Debug/4i2o3f3x/arm64-v8a/CMakeFiles/CMakeTmp -resource-dir /home/dwitama/Documents/devel/android/Android/sdk/ndk/28.2.13676358/toolchains/llvm/prebuilt/linux-x86_64/lib/clang/19 -dependency-file CMakeFiles/cmTC_772de.dir/CMakeCXXCompilerABI.cpp.o.d -MT CMakeFiles/cmTC_772de.dir/CMakeCXXCompilerABI.cpp.o -sys-header-deps -D ANDROID -D _FORTIFY_SOURCE=2 -isysroot /home/dwitama/Documents/devel/android/Android/sdk/ndk/28.2.13676358/toolchains/llvm/prebuilt/linux-x86_64/sysroot -internal-isystem /home/dwitama/Documents/devel/android/Android/sdk/ndk/28.2.13676358/toolchains/llvm/prebuilt/linux-x86_64/sysroot/usr/include/c++/v1 -internal-isystem /home/dwitama/Documents/devel/android/Android/sdk/ndk/28.2.13676358/toolchains/llvm/prebuilt/linux-x86_64/lib/clang/19/include -internal-isystem /home/dwitama/Documents/devel/android/Android/sdk/ndk/28.2.13676358/toolchains/llvm/prebuilt/linux-x86_64/sysroot/usr/local/include -internal-externc-isystem /home/dwitama/Documents/devel/android/Android/sdk/ndk/28.2.13676358/toolchains/llvm/prebuilt/linux-x86_64/sysroot/usr/include/aarch64-linux-android -internal-externc-isystem /home/dwitama/Documents/devel/android/Android/sdk/ndk/28.2.13676358/toolchains/llvm/prebuilt/linux-x86_64/sysroot/include -internal-externc-isystem /home/dwitama/Documents/devel/android/Android/sdk/ndk/28.2.13676358/toolchains/llvm/prebuilt/linux-x86_64/sysroot/usr/include -Wformat -fdeprecated-macro -ferror-limit 19 -femulated-tls -stack-protector 2 -fno-signed-char -fgnuc-version=4.2.1 -fskip-odr-check-in-gmf -fcxx-exceptions -fexceptions -target-feature +outline-atomics -target-feature -fmv -D__GCC_HAVE_DWARF2_CFI_ASM=1 -o CMakeFiles/cmTC_772de.dir/CMakeCXXCompilerABI.cpp.o -x c++ /home/dwitama/Documents/devel/android/Android/sdk/cmake/3.22.1/share/cmake-3.22/Modules/CMakeCXXCompilerABI.cpp]
  ignore line: [clang -cc1 version 19.0.1 based upon LLVM 19.0.1 default target x86_64-unknown-linux-gnu]
  ignore line: [ignoring nonexistent directory "/home/dwitama/Documents/devel/android/Android/sdk/ndk/28.2.13676358/toolchains/llvm/prebuilt/linux-x86_64/sysroot/usr/local/include"]
  ignore line: [ignoring nonexistent directory "/home/dwitama/Documents/devel/android/Android/sdk/ndk/28.2.13676358/toolchains/llvm/prebuilt/linux-x86_64/sysroot/include"]
  ignore line: [#include "..." search starts here:]
  ignore line: [#include <...> search starts here:]
  ignore line: [ /home/dwitama/Documents/devel/android/Android/sdk/ndk/28.2.13676358/toolchains/llvm/prebuilt/linux-x86_64/sysroot/usr/include/c++/v1]
  ignore line: [ /home/dwitama/Documents/devel/android/Android/sdk/ndk/28.2.13676358/toolchains/llvm/prebuilt/linux-x86_64/lib/clang/19/include]
  ignore line: [ /home/dwitama/Documents/devel/android/Android/sdk/ndk/28.2.13676358/toolchains/llvm/prebuilt/linux-x86_64/sysroot/usr/include/aarch64-linux-android]
  ignore line: [ /home/dwitama/Documents/devel/android/Android/sdk/ndk/28.2.13676358/toolchains/llvm/prebuilt/linux-x86_64/sysroot/usr/include]
  ignore line: [End of search list.]
  ignore line: [[2/2] Linking CXX executable cmTC_772de]
  ignore line: [Android (13624864  +pgo  +bolt  +lto  +mlgo  based on r530567e) clang version 19.0.1 (https://android.googlesource.com/toolchain/llvm-project 97a699bf4812a18fb657c2779f5296a4ab2694d2)]
  ignore line: [Target: aarch64-none-linux-android21]
  ignore line: [Thread model: posix]
  ignore line: [InstalledDir: /home/dwitama/Documents/devel/android/Android/sdk/ndk/28.2.13676358/toolchains/llvm/prebuilt/linux-x86_64/bin]
  link line: [ "/home/dwitama/Documents/devel/android/Android/sdk/ndk/28.2.13676358/toolchains/llvm/prebuilt/linux-x86_64/bin/ld.lld" --sysroot=/home/dwitama/Documents/devel/android/Android/sdk/ndk/28.2.13676358/toolchains/llvm/prebuilt/linux-x86_64/sysroot -EL --fix-cortex-a53-843419 -z now -z relro -z max-page-size=16384 --hash-style=both --eh-frame-hdr -m aarch64linux -pie -dynamic-linker /system/bin/linker64 -o cmTC_772de /home/dwitama/Documents/devel/android/Android/sdk/ndk/28.2.13676358/toolchains/llvm/prebuilt/linux-x86_64/sysroot/usr/lib/aarch64-linux-android/21/crtbegin_dynamic.o -L/home/dwitama/Documents/devel/android/Android/sdk/ndk/28.2.13676358/toolchains/llvm/prebuilt/linux-x86_64/lib/clang/19/lib/linux/aarch64 -L/home/dwitama/Documents/devel/android/Android/sdk/ndk/28.2.13676358/toolchains/llvm/prebuilt/linux-x86_64/sysroot/usr/lib/aarch64-linux-android/21 -L/home/dwitama/Documents/devel/android/Android/sdk/ndk/28.2.13676358/toolchains/llvm/prebuilt/linux-x86_64/sysroot/usr/lib/aarch64-linux-android -L/home/dwitama/Documents/devel/android/Android/sdk/ndk/28.2.13676358/toolchains/llvm/prebuilt/linux-x86_64/sysroot/usr/lib --build-id=sha1 --no-rosegment --no-undefined-version --fatal-warnings --no-undefined CMakeFiles/cmTC_772de.dir/CMakeCXXCompilerABI.cpp.o -Bstatic -lc++ -Bdynamic -lm /home/dwitama/Documents/devel/android/Android/sdk/ndk/28.2.13676358/toolchains/llvm/prebuilt/linux-x86_64/lib/clang/19/lib/linux/libclang_rt.builtins-aarch64-android.a -l:libunwind.a -ldl -lc /home/dwitama/Documents/devel/android/Android/sdk/ndk/28.2.13676358/toolchains/llvm/prebuilt/linux-x86_64/lib/clang/19/lib/linux/libclang_rt.builtins-aarch64-android.a -l:libunwind.a -ldl /home/dwitama/Documents/devel/android/Android/sdk/ndk/28.2.13676358/toolchains/llvm/prebuilt/linux-x86_64/sysroot/usr/lib/aarch64-linux-android/21/crtend_android.o]
    arg [/home/dwitama/Documents/devel/android/Android/sdk/ndk/28.2.13676358/toolchains/llvm/prebuilt/linux-x86_64/bin/ld.lld] ==> ignore
    arg [--sysroot=/home/dwitama/Documents/devel/android/Android/sdk/ndk/28.2.13676358/toolchains/llvm/prebuilt/linux-x86_64/sysroot] ==> ignore
    arg [-EL] ==> ignore
    arg [--fix-cortex-a53-843419] ==> ignore
    arg [-znow] ==> ignore
    arg [-zrelro] ==> ignore
    arg [-zmax-page-size=16384] ==> ignore
    arg [--hash-style=both] ==> ignore
    arg [--eh-frame-hdr] ==> ignore
    arg [-m] ==> ignore
    arg [aarch64linux] ==> ignore
    arg [-pie] ==> ignore
    arg [-dynamic-linker] ==> ignore
    arg [/system/bin/linker64] ==> ignore
    arg [-o] ==> ignore
    arg [cmTC_772de] ==> ignore
    arg [/home/dwitama/Documents/devel/android/Android/sdk/ndk/28.2.13676358/toolchains/llvm/prebuilt/linux-x86_64/sysroot/usr/lib/aarch64-linux-android/21/crtbegin_dynamic.o] ==> obj [/home/dwitama/Documents/devel/android/Android/sdk/ndk/28.2.13676358/toolchains/llvm/prebuilt/linux-x86_64/sysroot/usr/lib/aarch64-linux-android/21/crtbegin_dynamic.o]
    arg [-L/home/dwitama/Documents/devel/android/Android/sdk/ndk/28.2.13676358/toolchains/llvm/prebuilt/linux-x86_64/lib/clang/19/lib/linux/aarch64] ==> dir [/home/dwitama/Documents/devel/android/Android/sdk/ndk/28.2.13676358/toolchains/llvm/prebuilt/linux-x86_64/lib/clang/19/lib/linux/aarch64]
    arg [-L/home/dwitama/Documents/devel/android/Android/sdk/ndk/28.2.13676358/toolchains/llvm/prebuilt/linux-x86_64/sysroot/usr/lib/aarch64-linux-android/21] ==> dir [/home/dwitama/Documents/devel/android/Android/sdk/ndk/28.2.13676358/toolchains/llvm/prebuilt/linux-x86_64/sysroot/usr/lib/aarch64-linux-android/21]
    arg [-L/home/dwitama/Documents/devel/android/Android/sdk/ndk/28.2.13676358/toolchains/llvm/prebuilt/linux-x86_64/sysroot/usr/lib/aarch64-linux-android] ==> dir [/home/dwitama/Documents/devel/android/Android/sdk/ndk/28.2.13676358/toolchains/llvm/prebuilt/linux-x86_64/sysroot/usr/lib/aarch64-linux-android]
    arg [-L/home/dwitama/Documents/devel/android/Android/sdk/ndk/28.2.13676358/toolchains/llvm/prebuilt/linux-x86_64/sysroot/usr/lib] ==> dir [/home/dwitama/Documents/devel/android/Android/sdk/ndk/28.2.13676358/toolchains/llvm/prebuilt/linux-x86_64/sysroot/usr/lib]
    arg [--build-id=sha1] ==> ignore
    arg [--no-rosegment] ==> ignore
    arg [--no-undefined-version] ==> ignore
    arg [--fatal-warnings] ==> ignore
    arg [--no-undefined] ==> ignore
    arg [CMakeFiles/cmTC_772de.dir/CMakeCXXCompilerABI.cpp.o] ==> ignore
    arg [-Bstatic] ==> search static
    arg [-lc++] ==> lib [c++]
    arg [-Bdynamic] ==> search dynamic
    arg [-lm] ==> lib [m]
    arg [/home/dwitama/Documents/devel/android/Android/sdk/ndk/28.2.13676358/toolchains/llvm/prebuilt/linux-x86_64/lib/clang/19/lib/linux/libclang_rt.builtins-aarch64-android.a] ==> lib [/home/dwitama/Documents/devel/android/Android/sdk/ndk/28.2.13676358/toolchains/llvm/prebuilt/linux-x86_64/lib/clang/19/lib/linux/libclang_rt.builtins-aarch64-android.a]
    arg [-l:libunwind.a] ==> lib [-l:libunwind.a]
    arg [-ldl] ==> lib [dl]
    arg [-lc] ==> lib [c]
    arg [/home/dwitama/Documents/devel/android/Android/sdk/ndk/28.2.13676358/toolchains/llvm/prebuilt/linux-x86_64/lib/clang/19/lib/linux/libclang_rt.builtins-aarch64-android.a] ==> lib [/home/dwitama/Documents/devel/android/Android/sdk/ndk/28.2.13676358/toolchains/llvm/prebuilt/linux-x86_64/lib/clang/19/lib/linux/libclang_rt.builtins-aarch64-android.a]
    arg [-l:libunwind.a] ==> lib [-l:libunwind.a]
    arg [-ldl] ==> lib [dl]
    arg [/home/dwitama/Documents/devel/android/Android/sdk/ndk/28.2.13676358/toolchains/llvm/prebuilt/linux-x86_64/sysroot/usr/lib/aarch64-linux-android/21/crtend_android.o] ==> obj [/home/dwitama/Documents/devel/android/Android/sdk/ndk/28.2.13676358/toolchains/llvm/prebuilt/linux-x86_64/sysroot/usr/lib/aarch64-linux-android/21/crtend_android.o]
  remove lib [/home/dwitama/Documents/devel/android/Android/sdk/ndk/28.2.13676358/toolchains/llvm/prebuilt/linux-x86_64/lib/clang/19/lib/linux/libclang_rt.builtins-aarch64-android.a]
  remove lib [/home/dwitama/Documents/devel/android/Android/sdk/ndk/28.2.13676358/toolchains/llvm/prebuilt/linux-x86_64/lib/clang/19/lib/linux/libclang_rt.builtins-aarch64-android.a]
  collapse library dir [/home/dwitama/Documents/devel/android/Android/sdk/ndk/28.2.13676358/toolchains/llvm/prebuilt/linux-x86_64/lib/clang/19/lib/linux/aarch64] ==> [/home/dwitama/Documents/devel/android/Android/sdk/ndk/28.2.13676358/toolchains/llvm/prebuilt/linux-x86_64/lib/clang/19/lib/linux/aarch64]
  collapse library dir [/home/dwitama/Documents/devel/android/Android/sdk/ndk/28.2.13676358/toolchains/llvm/prebuilt/linux-x86_64/sysroot/usr/lib/aarch64-linux-android/21] ==> [/home/dwitama/Documents/devel/android/Android/sdk/ndk/28.2.13676358/toolchains/llvm/prebuilt/linux-x86_64/sysroot/usr/lib/aarch64-linux-android/21]
  collapse library dir [/home/dwitama/Documents/devel/android/Android/sdk/ndk/28.2.13676358/toolchains/llvm/prebuilt/linux-x86_64/sysroot/usr/lib/aarch64-linux-android] ==> [/home/dwitama/Documents/devel/android/Android/sdk/ndk/28.2.13676358/toolchains/llvm/prebuilt/linux-x86_64/sysroot/usr/lib/aarch64-linux-android]
  collapse library dir [/home/dwitama/Documents/devel/android/Android/sdk/ndk/28.2.13676358/toolchains/llvm/prebuilt/linux-x86_64/sysroot/usr/lib] ==> [/home/dwitama/Documents/devel/android/Android/sdk/ndk/28.2.13676358/toolchains/llvm/prebuilt/linux-x86_64/sysroot/usr/lib]
  implicit libs: [c++;m;-l:libunwind.a;dl;c;-l:libunwind.a;dl]
  implicit objs: [/home/dwitama/Documents/devel/android/Android/sdk/ndk/28.2.13676358/toolchains/llvm/prebuilt/linux-x86_64/sysroot/usr/lib/aarch64-linux-android/21/crtbegin_dynamic.o;/home/dwitama/Documents/devel/android/Android/sdk/ndk/28.2.13676358/toolchains/llvm/prebuilt/linux-x86_64/sysroot/usr/lib/aarch64-linux-android/21/crtend_android.o]
  implicit dirs: [/home/dwitama/Documents/devel/android/Android/sdk/ndk/28.2.13676358/toolchains/llvm/prebuilt/linux-x86_64/lib/clang/19/lib/linux/aarch64;/home/dwitama/Documents/devel/android/Android/sdk/ndk/28.2.13676358/toolchains/llvm/prebuilt/linux-x86_64/sysroot/usr/lib/aarch64-linux-android/21;/home/dwitama/Documents/devel/android/Android/sdk/ndk/28.2.13676358/toolchains/llvm/prebuilt/linux-x86_64/sysroot/usr/lib/aarch64-linux-android;/home/dwitama/Documents/devel/android/Android/sdk/ndk/28.2.13676358/toolchains/llvm/prebuilt/linux-x86_64/sysroot/usr/lib]
  implicit fwks: []


Performing C SOURCE FILE Test HAVE_GCC_WALL succeeded with the following output:
Change Dir: /home/dwitama/Documents/devel/c/radengan-app/exper/sdl/android-project/app/.cxx/Debug/4i2o3f3x/arm64-v8a/CMakeFiles/CMakeTmp

Run Build Command(s):/home/dwitama/Documents/devel/android/Android/sdk/cmake/3.22.1/bin/ninja cmTC_15ee9 && [1/2] Building C object CMakeFiles/cmTC_15ee9.dir/src.c.o
[2/2] Linking C executable cmTC_15ee9


Source file was:
int main(void) { return 0; }
Performing C SOURCE FILE Test HAVE_GCC_WUNDEF succeeded with the following output:
Change Dir: /home/dwitama/Documents/devel/c/radengan-app/exper/sdl/android-project/app/.cxx/Debug/4i2o3f3x/arm64-v8a/CMakeFiles/CMakeTmp

Run Build Command(s):/home/dwitama/Documents/devel/android/Android/sdk/cmake/3.22.1/bin/ninja cmTC_6f844 && [1/2] Building C object CMakeFiles/cmTC_6f844.dir/src.c.o
[2/2] Linking C executable cmTC_6f844


Source file was:
int main(void) { return 0; }
Performing C SOURCE FILE Test HAVE_GCC_WFLOAT_CONVERSION succeeded with the following output:
Change Dir: /home/dwitama/Documents/devel/c/radengan-app/exper/sdl/android-project/app/.cxx/Debug/4i2o3f3x/arm64-v8a/CMakeFiles/CMakeTmp

Run Build Command(s):/home/dwitama/Documents/devel/android/Android/sdk/cmake/3.22.1/bin/ninja cmTC_86f99 && [1/2] Building C object CMakeFiles/cmTC_86f99.dir/src.c.o
[2/2] Linking C executable cmTC_86f99


Source file was:
int main(void) { return 0; }
Performing C SOURCE FILE Test HAVE_GCC_NO_STRICT_ALIASING succeeded with the following output:
Change Dir: /home/dwitama/Documents/devel/c/radengan-app/exper/sdl/android-project/app/.cxx/Debug/4i2o3f3x/arm64-v8a/CMakeFiles/CMakeTmp

Run Build Command(s):/home/dwitama/Documents/devel/android/Android/sdk/cmake/3.22.1/bin/ninja cmTC_535bd && [1/2] Building C object CMakeFiles/cmTC_535bd.dir/src.c.o
[2/2] Linking C executable cmTC_535bd


Source file was:
int main(void) { return 0; }
Performing C SOURCE FILE Test HAVE_GCC_WDOCUMENTATION succeeded with the following output:
Change Dir: /home/dwitama/Documents/devel/c/radengan-app/exper/sdl/android-project/app/.cxx/Debug/4i2o3f3x/arm64-v8a/CMakeFiles/CMakeTmp

Run Build Command(s):/home/dwitama/Documents/devel/android/Android/sdk/cmake/3.22.1/bin/ninja cmTC_5570d && [1/2] Building C object CMakeFiles/cmTC_5570d.dir/src.c.o
[2/2] Linking C executable cmTC_5570d


Source file was:
int main(void) { return 0; }
Performing C SOURCE FILE Test HAVE_GCC_WDOCUMENTATION_UNKNOWN_COMMAND succeeded with the following output:
Change Dir: /home/dwitama/Documents/devel/c/radengan-app/exper/sdl/android-project/app/.cxx/Debug/4i2o3f3x/arm64-v8a/CMakeFiles/CMakeTmp

Run Build Command(s):/home/dwitama/Documents/devel/android/Android/sdk/cmake/3.22.1/bin/ninja cmTC_7e0aa && [1/2] Building C object CMakeFiles/cmTC_7e0aa.dir/src.c.o
[2/2] Linking C executable cmTC_7e0aa


Source file was:
int main(void) { return 0; }
Performing C SOURCE FILE Test HAVE_GCC_COMMENT_BLOCK_COMMANDS succeeded with the following output:
Change Dir: /home/dwitama/Documents/devel/c/radengan-app/exper/sdl/android-project/app/.cxx/Debug/4i2o3f3x/arm64-v8a/CMakeFiles/CMakeTmp

Run Build Command(s):/home/dwitama/Documents/devel/android/Android/sdk/cmake/3.22.1/bin/ninja cmTC_cb4b4 && [1/2] Building C object CMakeFiles/cmTC_cb4b4.dir/src.c.o
[2/2] Linking C executable cmTC_cb4b4


Source file was:
int main(void) { return 0; }
Performing C SOURCE FILE Test HAVE_GCC_WSHADOW succeeded with the following output:
Change Dir: /home/dwitama/Documents/devel/c/radengan-app/exper/sdl/android-project/app/.cxx/Debug/4i2o3f3x/arm64-v8a/CMakeFiles/CMakeTmp

Run Build Command(s):/home/dwitama/Documents/devel/android/Android/sdk/cmake/3.22.1/bin/ninja cmTC_bb4bf && [1/2] Building C object CMakeFiles/cmTC_bb4bf.dir/src.c.o
[2/2] Linking C executable cmTC_bb4bf


Source file was:
int main(void) { return 0; }
Performing C SOURCE FILE Test HAVE_GCC_WUNUSED_LOCAL_TYPEDEFS succeeded with the following output:
Change Dir: /home/dwitama/Documents/devel/c/radengan-app/exper/sdl/android-project/app/.cxx/Debug/4i2o3f3x/arm64-v8a/CMakeFiles/CMakeTmp

Run Build Command(s):/home/dwitama/Documents/devel/android/Android/sdk/cmake/3.22.1/bin/ninja cmTC_306f5 && [1/2] Building C object CMakeFiles/cmTC_306f5.dir/src.c.o
[2/2] Linking C executable cmTC_306f5


Source file was:
int main(void) { return 0; }
Performing C SOURCE FILE Test HAVE_GCC_WIMPLICIT_FALLTHROUGH succeeded with the following output:
Change Dir: /home/dwitama/Documents/devel/c/radengan-app/exper/sdl/android-project/app/.cxx/Debug/4i2o3f3x/arm64-v8a/CMakeFiles/CMakeTmp

Run Build Command(s):/home/dwitama/Documents/devel/android/Android/sdk/cmake/3.22.1/bin/ninja cmTC_d1d81 && [1/2] Building C object CMakeFiles/cmTC_d1d81.dir/src.c.o
[2/2] Linking C executable cmTC_d1d81


Source file was:
int main(void) { return 0; }
Performing C SOURCE FILE Test COMPILER_SUPPORTS_FCOLOR_DIAGNOSTICS succeeded with the following output:
Change Dir: /home/dwitama/Documents/devel/c/radengan-app/exper/sdl/android-project/app/.cxx/Debug/4i2o3f3x/arm64-v8a/CMakeFiles/CMakeTmp

Run Build Command(s):/home/dwitama/Documents/devel/android/Android/sdk/cmake/3.22.1/bin/ninja cmTC_f7ee3 && [1/2] Building C object CMakeFiles/cmTC_f7ee3.dir/src.c.o
[2/2] Linking C executable cmTC_f7ee3


Source file was:
int main(void) { return 0; }
Performing C SOURCE FILE Test HAVE_WL_VERSION_SCRIPT succeeded with the following output:
Change Dir: /home/dwitama/Documents/devel/c/radengan-app/exper/sdl/android-project/app/.cxx/Debug/4i2o3f3x/arm64-v8a/CMakeFiles/CMakeTmp

Run Build Command(s):/home/dwitama/Documents/devel/android/Android/sdk/cmake/3.22.1/bin/ninja cmTC_9a3b7 && [1/2] Building C object CMakeFiles/cmTC_9a3b7.dir/src.c.o
[2/2] Linking C executable cmTC_9a3b7


Source file was:
int func(void) {return 0;} int main(int argc,char*argv[]){(void)argc;(void)argv;return func();}
Performing C SOURCE FILE Test COMPILER_SUPPORTS_GCC_ATOMICS succeeded with the following output:
Change Dir: /home/dwitama/Documents/devel/c/radengan-app/exper/sdl/android-project/app/.cxx/Debug/4i2o3f3x/arm64-v8a/CMakeFiles/CMakeTmp

Run Build Command(s):/home/dwitama/Documents/devel/android/Android/sdk/cmake/3.22.1/bin/ninja cmTC_8a953 && [1/2] Building C object CMakeFiles/cmTC_8a953.dir/src.c.o
[2/2] Linking C executable cmTC_8a953


Source file was:
int main(int argc, char **argv) {
        int a;
        void *x, *y, *z;
        __sync_lock_test_and_set(&a, 4);
        __sync_lock_test_and_set(&x, y);
        __sync_fetch_and_add(&a, 1);
        __sync_bool_compare_and_swap(&a, 5, 10);
        __sync_bool_compare_and_swap(&x, y, z);
        return 0; }
Performing C SOURCE FILE Test HAVE_GCC_FVISIBILITY succeeded with the following output:
Change Dir: /home/dwitama/Documents/devel/c/radengan-app/exper/sdl/android-project/app/.cxx/Debug/4i2o3f3x/arm64-v8a/CMakeFiles/CMakeTmp

Run Build Command(s):/home/dwitama/Documents/devel/android/Android/sdk/cmake/3.22.1/bin/ninja cmTC_9fd09 && [1/2] Building C object CMakeFiles/cmTC_9fd09.dir/src.c.o
[2/2] Linking C executable cmTC_9fd09


Source file was:

      #if !defined(__GNUC__) || __GNUC__ < 4
      #error SDL only uses visibility attributes in GCC 4 or newer
      #endif
      __attribute__((visibility("default"))) int foo(void);
      __attribute__((visibility("hidden")))  int bar(void);
      int foo(void) { return 0; }
      int bar(void) { return 1; }
      int main(void) { return 0; }
Performing C SOURCE FILE Test LINKER_SUPPORTS_WL_NO_UNDEFINED succeeded with the following output:
Change Dir: /home/dwitama/Documents/devel/c/radengan-app/exper/sdl/android-project/app/.cxx/Debug/4i2o3f3x/arm64-v8a/CMakeFiles/CMakeTmp

Run Build Command(s):/home/dwitama/Documents/devel/android/Android/sdk/cmake/3.22.1/bin/ninja cmTC_d71e2 && [1/2] Building C object CMakeFiles/cmTC_d71e2.dir/src.c.o
[2/2] Linking C executable cmTC_d71e2


Source file was:
int main() { return 0; }
Performing C SOURCE FILE Test COMPILER_SUPPORTS_ARMNEON succeeded with the following output:
Change Dir: /home/dwitama/Documents/devel/c/radengan-app/exper/sdl/android-project/app/.cxx/Debug/4i2o3f3x/arm64-v8a/CMakeFiles/CMakeTmp

Run Build Command(s):/home/dwitama/Documents/devel/android/Android/sdk/cmake/3.22.1/bin/ninja cmTC_c327e && [1/2] Building C object CMakeFiles/cmTC_c327e.dir/src.c.o
[2/2] Linking C executable cmTC_c327e


Source file was:

    #if 0
    # if defined(__arm__) || defined(__aarch64__)
    #  define test_enabled 1
    # else
    #  define test_enabled 0 /* feign success in Apple multi-arch configs */
    # endif
    #else                    /* test normally */
    # define test_enabled 1
    #endif
    #if test_enabled
          #include <arm_neon.h>
      void floats_add(float *dest, float *a, float *b, unsigned size) {
        for (; size >= 4; size -= 4, dest += 4, a += 4, b += 4) {
          vst1q_f32(dest, vaddq_f32(vld1q_f32(a), vld1q_f32(b)));
        }
      }
      int main(int argc, char *argv[]) {
        floats_add((float*)0, (float*)0, (float*)0, 0);
        return 0;
      }
    #else
    int main(int argc, char *argv[]) {
      (void)argc;
      (void)argv;
      return 0;
    }
    #endif
Determining if the include file alloca.h exists passed with the following output:
Change Dir: /home/dwitama/Documents/devel/c/radengan-app/exper/sdl/android-project/app/.cxx/Debug/4i2o3f3x/arm64-v8a/CMakeFiles/CMakeTmp

Run Build Command(s):/home/dwitama/Documents/devel/android/Android/sdk/cmake/3.22.1/bin/ninja cmTC_c948e && [1/2] Building C object CMakeFiles/cmTC_c948e.dir/CheckIncludeFile.c.o
[2/2] Linking C executable cmTC_c948e



Determining if the include file float.h exists passed with the following output:
Change Dir: /home/dwitama/Documents/devel/c/radengan-app/exper/sdl/android-project/app/.cxx/Debug/4i2o3f3x/arm64-v8a/CMakeFiles/CMakeTmp

Run Build Command(s):/home/dwitama/Documents/devel/android/Android/sdk/cmake/3.22.1/bin/ninja cmTC_63b8a && [1/2] Building C object CMakeFiles/cmTC_63b8a.dir/CheckIncludeFile.c.o
[2/2] Linking C executable cmTC_63b8a



Determining if the include file iconv.h exists passed with the following output:
Change Dir: /home/dwitama/Documents/devel/c/radengan-app/exper/sdl/android-project/app/.cxx/Debug/4i2o3f3x/arm64-v8a/CMakeFiles/CMakeTmp

Run Build Command(s):/home/dwitama/Documents/devel/android/Android/sdk/cmake/3.22.1/bin/ninja cmTC_001f9 && [1/2] Building C object CMakeFiles/cmTC_001f9.dir/CheckIncludeFile.c.o
[2/2] Linking C executable cmTC_001f9



Determining if the include file inttypes.h exists passed with the following output:
Change Dir: /home/dwitama/Documents/devel/c/radengan-app/exper/sdl/android-project/app/.cxx/Debug/4i2o3f3x/arm64-v8a/CMakeFiles/CMakeTmp

Run Build Command(s):/home/dwitama/Documents/devel/android/Android/sdk/cmake/3.22.1/bin/ninja cmTC_a7a08 && [1/2] Building C object CMakeFiles/cmTC_a7a08.dir/CheckIncludeFile.c.o
[2/2] Linking C executable cmTC_a7a08



Determining if the include file limits.h exists passed with the following output:
Change Dir: /home/dwitama/Documents/devel/c/radengan-app/exper/sdl/android-project/app/.cxx/Debug/4i2o3f3x/arm64-v8a/CMakeFiles/CMakeTmp

Run Build Command(s):/home/dwitama/Documents/devel/android/Android/sdk/cmake/3.22.1/bin/ninja cmTC_e4d4f && [1/2] Building C object CMakeFiles/cmTC_e4d4f.dir/CheckIncludeFile.c.o
[2/2] Linking C executable cmTC_e4d4f



Determining if the include file malloc.h exists passed with the following output:
Change Dir: /home/dwitama/Documents/devel/c/radengan-app/exper/sdl/android-project/app/.cxx/Debug/4i2o3f3x/arm64-v8a/CMakeFiles/CMakeTmp

Run Build Command(s):/home/dwitama/Documents/devel/android/Android/sdk/cmake/3.22.1/bin/ninja cmTC_7a95b && [1/2] Building C object CMakeFiles/cmTC_7a95b.dir/CheckIncludeFile.c.o
[2/2] Linking C executable cmTC_7a95b



Determining if the include file math.h exists passed with the following output:
Change Dir: /home/dwitama/Documents/devel/c/radengan-app/exper/sdl/android-project/app/.cxx/Debug/4i2o3f3x/arm64-v8a/CMakeFiles/CMakeTmp

Run Build Command(s):/home/dwitama/Documents/devel/android/Android/sdk/cmake/3.22.1/bin/ninja cmTC_126f8 && [1/2] Building C object CMakeFiles/cmTC_126f8.dir/CheckIncludeFile.c.o
[2/2] Linking C executable cmTC_126f8



Determining if the include file memory.h exists passed with the following output:
Change Dir: /home/dwitama/Documents/devel/c/radengan-app/exper/sdl/android-project/app/.cxx/Debug/4i2o3f3x/arm64-v8a/CMakeFiles/CMakeTmp

Run Build Command(s):/home/dwitama/Documents/devel/android/Android/sdk/cmake/3.22.1/bin/ninja cmTC_cadd5 && [1/2] Building C object CMakeFiles/cmTC_cadd5.dir/CheckIncludeFile.c.o
[2/2] Linking C executable cmTC_cadd5



Determining if the include file signal.h exists passed with the following output:
Change Dir: /home/dwitama/Documents/devel/c/radengan-app/exper/sdl/android-project/app/.cxx/Debug/4i2o3f3x/arm64-v8a/CMakeFiles/CMakeTmp

Run Build Command(s):/home/dwitama/Documents/devel/android/Android/sdk/cmake/3.22.1/bin/ninja cmTC_2899c && [1/2] Building C object CMakeFiles/cmTC_2899c.dir/CheckIncludeFile.c.o
[2/2] Linking C executable cmTC_2899c



Determining if the include file stdarg.h exists passed with the following output:
Change Dir: /home/dwitama/Documents/devel/c/radengan-app/exper/sdl/android-project/app/.cxx/Debug/4i2o3f3x/arm64-v8a/CMakeFiles/CMakeTmp

Run Build Command(s):/home/dwitama/Documents/devel/android/Android/sdk/cmake/3.22.1/bin/ninja cmTC_03821 && [1/2] Building C object CMakeFiles/cmTC_03821.dir/CheckIncludeFile.c.o
[2/2] Linking C executable cmTC_03821



Determining if the include file stdbool.h exists passed with the following output:
Change Dir: /home/dwitama/Documents/devel/c/radengan-app/exper/sdl/android-project/app/.cxx/Debug/4i2o3f3x/arm64-v8a/CMakeFiles/CMakeTmp

Run Build Command(s):/home/dwitama/Documents/devel/android/Android/sdk/cmake/3.22.1/bin/ninja cmTC_04ebf && [1/2] Building C object CMakeFiles/cmTC_04ebf.dir/CheckIncludeFile.c.o
[2/2] Linking C executable cmTC_04ebf



Determining if the include file stddef.h exists passed with the following output:
Change Dir: /home/dwitama/Documents/devel/c/radengan-app/exper/sdl/android-project/app/.cxx/Debug/4i2o3f3x/arm64-v8a/CMakeFiles/CMakeTmp

Run Build Command(s):/home/dwitama/Documents/devel/android/Android/sdk/cmake/3.22.1/bin/ninja cmTC_5adea && [1/2] Building C object CMakeFiles/cmTC_5adea.dir/CheckIncludeFile.c.o
[2/2] Linking C executable cmTC_5adea



Determining if the include file stdint.h exists passed with the following output:
Change Dir: /home/dwitama/Documents/devel/c/radengan-app/exper/sdl/android-project/app/.cxx/Debug/4i2o3f3x/arm64-v8a/CMakeFiles/CMakeTmp

Run Build Command(s):/home/dwitama/Documents/devel/android/Android/sdk/cmake/3.22.1/bin/ninja cmTC_58c7a && [1/2] Building C object CMakeFiles/cmTC_58c7a.dir/CheckIncludeFile.c.o
[2/2] Linking C executable cmTC_58c7a



Determining if the include file stdio.h exists passed with the following output:
Change Dir: /home/dwitama/Documents/devel/c/radengan-app/exper/sdl/android-project/app/.cxx/Debug/4i2o3f3x/arm64-v8a/CMakeFiles/CMakeTmp

Run Build Command(s):/home/dwitama/Documents/devel/android/Android/sdk/cmake/3.22.1/bin/ninja cmTC_77df4 && [1/2] Building C object CMakeFiles/cmTC_77df4.dir/CheckIncludeFile.c.o
[2/2] Linking C executable cmTC_77df4



Determining if the include file stdlib.h exists passed with the following output:
Change Dir: /home/dwitama/Documents/devel/c/radengan-app/exper/sdl/android-project/app/.cxx/Debug/4i2o3f3x/arm64-v8a/CMakeFiles/CMakeTmp

Run Build Command(s):/home/dwitama/Documents/devel/android/Android/sdk/cmake/3.22.1/bin/ninja cmTC_68ead && [1/2] Building C object CMakeFiles/cmTC_68ead.dir/CheckIncludeFile.c.o
[2/2] Linking C executable cmTC_68ead



Determining if the include file string.h exists passed with the following output:
Change Dir: /home/dwitama/Documents/devel/c/radengan-app/exper/sdl/android-project/app/.cxx/Debug/4i2o3f3x/arm64-v8a/CMakeFiles/CMakeTmp

Run Build Command(s):/home/dwitama/Documents/devel/android/Android/sdk/cmake/3.22.1/bin/ninja cmTC_2c68f && [1/2] Building C object CMakeFiles/cmTC_2c68f.dir/CheckIncludeFile.c.o
[2/2] Linking C executable cmTC_2c68f



Determining if the include file strings.h exists passed with the following output:
Change Dir: /home/dwitama/Documents/devel/c/radengan-app/exper/sdl/android-project/app/.cxx/Debug/4i2o3f3x/arm64-v8a/CMakeFiles/CMakeTmp

Run Build Command(s):/home/dwitama/Documents/devel/android/Android/sdk/cmake/3.22.1/bin/ninja cmTC_3d255 && [1/2] Building C object CMakeFiles/cmTC_3d255.dir/CheckIncludeFile.c.o
[2/2] Linking C executable cmTC_3d255



Determining if the include file sys/types.h exists passed with the following output:
Change Dir: /home/dwitama/Documents/devel/c/radengan-app/exper/sdl/android-project/app/.cxx/Debug/4i2o3f3x/arm64-v8a/CMakeFiles/CMakeTmp

Run Build Command(s):/home/dwitama/Documents/devel/android/Android/sdk/cmake/3.22.1/bin/ninja cmTC_59560 && [1/2] Building C object CMakeFiles/cmTC_59560.dir/CheckIncludeFile.c.o
[2/2] Linking C executable cmTC_59560



Determining if the include file time.h exists passed with the following output:
Change Dir: /home/dwitama/Documents/devel/c/radengan-app/exper/sdl/android-project/app/.cxx/Debug/4i2o3f3x/arm64-v8a/CMakeFiles/CMakeTmp

Run Build Command(s):/home/dwitama/Documents/devel/android/Android/sdk/cmake/3.22.1/bin/ninja cmTC_149d4 && [1/2] Building C object CMakeFiles/cmTC_149d4.dir/CheckIncludeFile.c.o
[2/2] Linking C executable cmTC_149d4



Determining if the include file wchar.h exists passed with the following output:
Change Dir: /home/dwitama/Documents/devel/c/radengan-app/exper/sdl/android-project/app/.cxx/Debug/4i2o3f3x/arm64-v8a/CMakeFiles/CMakeTmp

Run Build Command(s):/home/dwitama/Documents/devel/android/Android/sdk/cmake/3.22.1/bin/ninja cmTC_e27ec && [1/2] Building C object CMakeFiles/cmTC_e27ec.dir/CheckIncludeFile.c.o
[2/2] Linking C executable cmTC_e27ec



Determining if the function pow exists in the m passed with the following output:
Change Dir: /home/dwitama/Documents/devel/c/radengan-app/exper/sdl/android-project/app/.cxx/Debug/4i2o3f3x/arm64-v8a/CMakeFiles/CMakeTmp

Run Build Command(s):/home/dwitama/Documents/devel/android/Android/sdk/cmake/3.22.1/bin/ninja cmTC_25139 && [1/2] Building C object CMakeFiles/cmTC_25139.dir/CheckFunctionExists.c.o
/home/dwitama/Documents/devel/android/Android/sdk/cmake/3.22.1/share/cmake-3.22/Modules/CheckFunctionExists.c:7:3: warning: incompatible redeclaration of library function 'pow' [-Wincompatible-library-redeclaration]
    7 |   CHECK_FUNCTION_EXISTS(void);
      |   ^
<command line>:3:31: note: expanded from macro 'CHECK_FUNCTION_EXISTS'
    3 | #define CHECK_FUNCTION_EXISTS pow
      |                               ^
/home/dwitama/Documents/devel/android/Android/sdk/cmake/3.22.1/share/cmake-3.22/Modules/CheckFunctionExists.c:7:3: note: 'pow' is a builtin with type 'double (double, double)'
<command line>:3:31: note: expanded from macro 'CHECK_FUNCTION_EXISTS'
    3 | #define CHECK_FUNCTION_EXISTS pow
      |                               ^
1 warning generated.
[2/2] Linking C executable cmTC_25139



Determining if the abs exist passed with the following output:
Change Dir: /home/dwitama/Documents/devel/c/radengan-app/exper/sdl/android-project/app/.cxx/Debug/4i2o3f3x/arm64-v8a/CMakeFiles/CMakeTmp

Run Build Command(s):/home/dwitama/Documents/devel/android/Android/sdk/cmake/3.22.1/bin/ninja cmTC_8a3a3 && [1/2] Building C object CMakeFiles/cmTC_8a3a3.dir/CheckSymbolExists.c.o
[2/2] Linking C executable cmTC_8a3a3


File /home/dwitama/Documents/devel/c/radengan-app/exper/sdl/android-project/app/.cxx/Debug/4i2o3f3x/arm64-v8a/CMakeFiles/CMakeTmp/CheckSymbolExists.c:
/* */
#include <float.h>
#include <iconv.h>
#include <inttypes.h>
#include <limits.h>
#include <malloc.h>
#include <math.h>
#include <memory.h>
#include <signal.h>
#include <stdarg.h>
#include <stdbool.h>
#include <stddef.h>
#include <stdint.h>
#include <stdio.h>
#include <stdlib.h>
#include <string.h>
#include <strings.h>
#include <sys/types.h>
#include <time.h>
#include <wchar.h>

int main(int argc, char** argv)
{
  (void)argv;
#ifndef abs
  return ((int*)(&abs))[argc];
#else
  (void)argc;
  return 0;
#endif
}
Determining if the acos exist passed with the following output:
Change Dir: /home/dwitama/Documents/devel/c/radengan-app/exper/sdl/android-project/app/.cxx/Debug/4i2o3f3x/arm64-v8a/CMakeFiles/CMakeTmp

Run Build Command(s):/home/dwitama/Documents/devel/android/Android/sdk/cmake/3.22.1/bin/ninja cmTC_c4ee2 && [1/2] Building C object CMakeFiles/cmTC_c4ee2.dir/CheckSymbolExists.c.o
[2/2] Linking C executable cmTC_c4ee2


File /home/dwitama/Documents/devel/c/radengan-app/exper/sdl/android-project/app/.cxx/Debug/4i2o3f3x/arm64-v8a/CMakeFiles/CMakeTmp/CheckSymbolExists.c:
/* */
#include <float.h>
#include <iconv.h>
#include <inttypes.h>
#include <limits.h>
#include <malloc.h>
#include <math.h>
#include <memory.h>
#include <signal.h>
#include <stdarg.h>
#include <stdbool.h>
#include <stddef.h>
#include <stdint.h>
#include <stdio.h>
#include <stdlib.h>
#include <string.h>
#include <strings.h>
#include <sys/types.h>
#include <time.h>
#include <wchar.h>

int main(int argc, char** argv)
{
  (void)argv;
#ifndef acos
  return ((int*)(&acos))[argc];
#else
  (void)argc;
  return 0;
#endif
}
Determining if the acosf exist passed with the following output:
Change Dir: /home/dwitama/Documents/devel/c/radengan-app/exper/sdl/android-project/app/.cxx/Debug/4i2o3f3x/arm64-v8a/CMakeFiles/CMakeTmp

Run Build Command(s):/home/dwitama/Documents/devel/android/Android/sdk/cmake/3.22.1/bin/ninja cmTC_b3b6f && [1/2] Building C object CMakeFiles/cmTC_b3b6f.dir/CheckSymbolExists.c.o
[2/2] Linking C executable cmTC_b3b6f


File /home/dwitama/Documents/devel/c/radengan-app/exper/sdl/android-project/app/.cxx/Debug/4i2o3f3x/arm64-v8a/CMakeFiles/CMakeTmp/CheckSymbolExists.c:
/* */
#include <float.h>
#include <iconv.h>
#include <inttypes.h>
#include <limits.h>
#include <malloc.h>
#include <math.h>
#include <memory.h>
#include <signal.h>
#include <stdarg.h>
#include <stdbool.h>
#include <stddef.h>
#include <stdint.h>
#include <stdio.h>
#include <stdlib.h>
#include <string.h>
#include <strings.h>
#include <sys/types.h>
#include <time.h>
#include <wchar.h>

int main(int argc, char** argv)
{
  (void)argv;
#ifndef acosf
  return ((int*)(&acosf))[argc];
#else
  (void)argc;
  return 0;
#endif
}
Determining if the asin exist passed with the following output:
Change Dir: /home/dwitama/Documents/devel/c/radengan-app/exper/sdl/android-project/app/.cxx/Debug/4i2o3f3x/arm64-v8a/CMakeFiles/CMakeTmp

Run Build Command(s):/home/dwitama/Documents/devel/android/Android/sdk/cmake/3.22.1/bin/ninja cmTC_1b35a && [1/2] Building C object CMakeFiles/cmTC_1b35a.dir/CheckSymbolExists.c.o
[2/2] Linking C executable cmTC_1b35a


File /home/dwitama/Documents/devel/c/radengan-app/exper/sdl/android-project/app/.cxx/Debug/4i2o3f3x/arm64-v8a/CMakeFiles/CMakeTmp/CheckSymbolExists.c:
/* */
#include <float.h>
#include <iconv.h>
#include <inttypes.h>
#include <limits.h>
#include <malloc.h>
#include <math.h>
#include <memory.h>
#include <signal.h>
#include <stdarg.h>
#include <stdbool.h>
#include <stddef.h>
#include <stdint.h>
#include <stdio.h>
#include <stdlib.h>
#include <string.h>
#include <strings.h>
#include <sys/types.h>
#include <time.h>
#include <wchar.h>

int main(int argc, char** argv)
{
  (void)argv;
#ifndef asin
  return ((int*)(&asin))[argc];
#else
  (void)argc;
  return 0;
#endif
}
Determining if the asinf exist passed with the following output:
Change Dir: /home/dwitama/Documents/devel/c/radengan-app/exper/sdl/android-project/app/.cxx/Debug/4i2o3f3x/arm64-v8a/CMakeFiles/CMakeTmp

Run Build Command(s):/home/dwitama/Documents/devel/android/Android/sdk/cmake/3.22.1/bin/ninja cmTC_e8923 && [1/2] Building C object CMakeFiles/cmTC_e8923.dir/CheckSymbolExists.c.o
[2/2] Linking C executable cmTC_e8923


File /home/dwitama/Documents/devel/c/radengan-app/exper/sdl/android-project/app/.cxx/Debug/4i2o3f3x/arm64-v8a/CMakeFiles/CMakeTmp/CheckSymbolExists.c:
/* */
#include <float.h>
#include <iconv.h>
#include <inttypes.h>
#include <limits.h>
#include <malloc.h>
#include <math.h>
#include <memory.h>
#include <signal.h>
#include <stdarg.h>
#include <stdbool.h>
#include <stddef.h>
#include <stdint.h>
#include <stdio.h>
#include <stdlib.h>
#include <string.h>
#include <strings.h>
#include <sys/types.h>
#include <time.h>
#include <wchar.h>

int main(int argc, char** argv)
{
  (void)argv;
#ifndef asinf
  return ((int*)(&asinf))[argc];
#else
  (void)argc;
  return 0;
#endif
}
Determining if the atan exist passed with the following output:
Change Dir: /home/dwitama/Documents/devel/c/radengan-app/exper/sdl/android-project/app/.cxx/Debug/4i2o3f3x/arm64-v8a/CMakeFiles/CMakeTmp

Run Build Command(s):/home/dwitama/Documents/devel/android/Android/sdk/cmake/3.22.1/bin/ninja cmTC_60282 && [1/2] Building C object CMakeFiles/cmTC_60282.dir/CheckSymbolExists.c.o
[2/2] Linking C executable cmTC_60282


File /home/dwitama/Documents/devel/c/radengan-app/exper/sdl/android-project/app/.cxx/Debug/4i2o3f3x/arm64-v8a/CMakeFiles/CMakeTmp/CheckSymbolExists.c:
/* */
#include <float.h>
#include <iconv.h>
#include <inttypes.h>
#include <limits.h>
#include <malloc.h>
#include <math.h>
#include <memory.h>
#include <signal.h>
#include <stdarg.h>
#include <stdbool.h>
#include <stddef.h>
#include <stdint.h>
#include <stdio.h>
#include <stdlib.h>
#include <string.h>
#include <strings.h>
#include <sys/types.h>
#include <time.h>
#include <wchar.h>

int main(int argc, char** argv)
{
  (void)argv;
#ifndef atan
  return ((int*)(&atan))[argc];
#else
  (void)argc;
  return 0;
#endif
}
Determining if the atan2 exist passed with the following output:
Change Dir: /home/dwitama/Documents/devel/c/radengan-app/exper/sdl/android-project/app/.cxx/Debug/4i2o3f3x/arm64-v8a/CMakeFiles/CMakeTmp

Run Build Command(s):/home/dwitama/Documents/devel/android/Android/sdk/cmake/3.22.1/bin/ninja cmTC_94426 && [1/2] Building C object CMakeFiles/cmTC_94426.dir/CheckSymbolExists.c.o
[2/2] Linking C executable cmTC_94426


File /home/dwitama/Documents/devel/c/radengan-app/exper/sdl/android-project/app/.cxx/Debug/4i2o3f3x/arm64-v8a/CMakeFiles/CMakeTmp/CheckSymbolExists.c:
/* */
#include <float.h>
#include <iconv.h>
#include <inttypes.h>
#include <limits.h>
#include <malloc.h>
#include <math.h>
#include <memory.h>
#include <signal.h>
#include <stdarg.h>
#include <stdbool.h>
#include <stddef.h>
#include <stdint.h>
#include <stdio.h>
#include <stdlib.h>
#include <string.h>
#include <strings.h>
#include <sys/types.h>
#include <time.h>
#include <wchar.h>

int main(int argc, char** argv)
{
  (void)argv;
#ifndef atan2
  return ((int*)(&atan2))[argc];
#else
  (void)argc;
  return 0;
#endif
}
Determining if the atan2f exist passed with the following output:
Change Dir: /home/dwitama/Documents/devel/c/radengan-app/exper/sdl/android-project/app/.cxx/Debug/4i2o3f3x/arm64-v8a/CMakeFiles/CMakeTmp

Run Build Command(s):/home/dwitama/Documents/devel/android/Android/sdk/cmake/3.22.1/bin/ninja cmTC_bcb14 && [1/2] Building C object CMakeFiles/cmTC_bcb14.dir/CheckSymbolExists.c.o
[2/2] Linking C executable cmTC_bcb14


File /home/dwitama/Documents/devel/c/radengan-app/exper/sdl/android-project/app/.cxx/Debug/4i2o3f3x/arm64-v8a/CMakeFiles/CMakeTmp/CheckSymbolExists.c:
/* */
#include <float.h>
#include <iconv.h>
#include <inttypes.h>
#include <limits.h>
#include <malloc.h>
#include <math.h>
#include <memory.h>
#include <signal.h>
#include <stdarg.h>
#include <stdbool.h>
#include <stddef.h>
#include <stdint.h>
#include <stdio.h>
#include <stdlib.h>
#include <string.h>
#include <strings.h>
#include <sys/types.h>
#include <time.h>
#include <wchar.h>

int main(int argc, char** argv)
{
  (void)argv;
#ifndef atan2f
  return ((int*)(&atan2f))[argc];
#else
  (void)argc;
  return 0;
#endif
}
Determining if the atanf exist passed with the following output:
Change Dir: /home/dwitama/Documents/devel/c/radengan-app/exper/sdl/android-project/app/.cxx/Debug/4i2o3f3x/arm64-v8a/CMakeFiles/CMakeTmp

Run Build Command(s):/home/dwitama/Documents/devel/android/Android/sdk/cmake/3.22.1/bin/ninja cmTC_5cd2b && [1/2] Building C object CMakeFiles/cmTC_5cd2b.dir/CheckSymbolExists.c.o
[2/2] Linking C executable cmTC_5cd2b


File /home/dwitama/Documents/devel/c/radengan-app/exper/sdl/android-project/app/.cxx/Debug/4i2o3f3x/arm64-v8a/CMakeFiles/CMakeTmp/CheckSymbolExists.c:
/* */
#include <float.h>
#include <iconv.h>
#include <inttypes.h>
#include <limits.h>
#include <malloc.h>
#include <math.h>
#include <memory.h>
#include <signal.h>
#include <stdarg.h>
#include <stdbool.h>
#include <stddef.h>
#include <stdint.h>
#include <stdio.h>
#include <stdlib.h>
#include <string.h>
#include <strings.h>
#include <sys/types.h>
#include <time.h>
#include <wchar.h>

int main(int argc, char** argv)
{
  (void)argv;
#ifndef atanf
  return ((int*)(&atanf))[argc];
#else
  (void)argc;
  return 0;
#endif
}
Determining if the atof exist passed with the following output:
Change Dir: /home/dwitama/Documents/devel/c/radengan-app/exper/sdl/android-project/app/.cxx/Debug/4i2o3f3x/arm64-v8a/CMakeFiles/CMakeTmp

Run Build Command(s):/home/dwitama/Documents/devel/android/Android/sdk/cmake/3.22.1/bin/ninja cmTC_1be0c && [1/2] Building C object CMakeFiles/cmTC_1be0c.dir/CheckSymbolExists.c.o
[2/2] Linking C executable cmTC_1be0c


File /home/dwitama/Documents/devel/c/radengan-app/exper/sdl/android-project/app/.cxx/Debug/4i2o3f3x/arm64-v8a/CMakeFiles/CMakeTmp/CheckSymbolExists.c:
/* */
#include <float.h>
#include <iconv.h>
#include <inttypes.h>
#include <limits.h>
#include <malloc.h>
#include <math.h>
#include <memory.h>
#include <signal.h>
#include <stdarg.h>
#include <stdbool.h>
#include <stddef.h>
#include <stdint.h>
#include <stdio.h>
#include <stdlib.h>
#include <string.h>
#include <strings.h>
#include <sys/types.h>
#include <time.h>
#include <wchar.h>

int main(int argc, char** argv)
{
  (void)argv;
#ifndef atof
  return ((int*)(&atof))[argc];
#else
  (void)argc;
  return 0;
#endif
}
Determining if the atoi exist passed with the following output:
Change Dir: /home/dwitama/Documents/devel/c/radengan-app/exper/sdl/android-project/app/.cxx/Debug/4i2o3f3x/arm64-v8a/CMakeFiles/CMakeTmp

Run Build Command(s):/home/dwitama/Documents/devel/android/Android/sdk/cmake/3.22.1/bin/ninja cmTC_99cc2 && [1/2] Building C object CMakeFiles/cmTC_99cc2.dir/CheckSymbolExists.c.o
[2/2] Linking C executable cmTC_99cc2


File /home/dwitama/Documents/devel/c/radengan-app/exper/sdl/android-project/app/.cxx/Debug/4i2o3f3x/arm64-v8a/CMakeFiles/CMakeTmp/CheckSymbolExists.c:
/* */
#include <float.h>
#include <iconv.h>
#include <inttypes.h>
#include <limits.h>
#include <malloc.h>
#include <math.h>
#include <memory.h>
#include <signal.h>
#include <stdarg.h>
#include <stdbool.h>
#include <stddef.h>
#include <stdint.h>
#include <stdio.h>
#include <stdlib.h>
#include <string.h>
#include <strings.h>
#include <sys/types.h>
#include <time.h>
#include <wchar.h>

int main(int argc, char** argv)
{
  (void)argv;
#ifndef atoi
  return ((int*)(&atoi))[argc];
#else
  (void)argc;
  return 0;
#endif
}
Determining if the bcopy exist passed with the following output:
Change Dir: /home/dwitama/Documents/devel/c/radengan-app/exper/sdl/android-project/app/.cxx/Debug/4i2o3f3x/arm64-v8a/CMakeFiles/CMakeTmp

Run Build Command(s):/home/dwitama/Documents/devel/android/Android/sdk/cmake/3.22.1/bin/ninja cmTC_bd4e6 && [1/2] Building C object CMakeFiles/cmTC_bd4e6.dir/CheckSymbolExists.c.o
[2/2] Linking C executable cmTC_bd4e6


File /home/dwitama/Documents/devel/c/radengan-app/exper/sdl/android-project/app/.cxx/Debug/4i2o3f3x/arm64-v8a/CMakeFiles/CMakeTmp/CheckSymbolExists.c:
/* */
#include <float.h>
#include <iconv.h>
#include <inttypes.h>
#include <limits.h>
#include <malloc.h>
#include <math.h>
#include <memory.h>
#include <signal.h>
#include <stdarg.h>
#include <stdbool.h>
#include <stddef.h>
#include <stdint.h>
#include <stdio.h>
#include <stdlib.h>
#include <string.h>
#include <strings.h>
#include <sys/types.h>
#include <time.h>
#include <wchar.h>

int main(int argc, char** argv)
{
  (void)argv;
#ifndef bcopy
  return ((int*)(&bcopy))[argc];
#else
  (void)argc;
  return 0;
#endif
}
Determining if the ceil exist passed with the following output:
Change Dir: /home/dwitama/Documents/devel/c/radengan-app/exper/sdl/android-project/app/.cxx/Debug/4i2o3f3x/arm64-v8a/CMakeFiles/CMakeTmp

Run Build Command(s):/home/dwitama/Documents/devel/android/Android/sdk/cmake/3.22.1/bin/ninja cmTC_92999 && [1/2] Building C object CMakeFiles/cmTC_92999.dir/CheckSymbolExists.c.o
[2/2] Linking C executable cmTC_92999


File /home/dwitama/Documents/devel/c/radengan-app/exper/sdl/android-project/app/.cxx/Debug/4i2o3f3x/arm64-v8a/CMakeFiles/CMakeTmp/CheckSymbolExists.c:
/* */
#include <float.h>
#include <iconv.h>
#include <inttypes.h>
#include <limits.h>
#include <malloc.h>
#include <math.h>
#include <memory.h>
#include <signal.h>
#include <stdarg.h>
#include <stdbool.h>
#include <stddef.h>
#include <stdint.h>
#include <stdio.h>
#include <stdlib.h>
#include <string.h>
#include <strings.h>
#include <sys/types.h>
#include <time.h>
#include <wchar.h>

int main(int argc, char** argv)
{
  (void)argv;
#ifndef ceil
  return ((int*)(&ceil))[argc];
#else
  (void)argc;
  return 0;
#endif
}
Determining if the ceilf exist passed with the following output:
Change Dir: /home/dwitama/Documents/devel/c/radengan-app/exper/sdl/android-project/app/.cxx/Debug/4i2o3f3x/arm64-v8a/CMakeFiles/CMakeTmp

Run Build Command(s):/home/dwitama/Documents/devel/android/Android/sdk/cmake/3.22.1/bin/ninja cmTC_ae230 && [1/2] Building C object CMakeFiles/cmTC_ae230.dir/CheckSymbolExists.c.o
[2/2] Linking C executable cmTC_ae230


File /home/dwitama/Documents/devel/c/radengan-app/exper/sdl/android-project/app/.cxx/Debug/4i2o3f3x/arm64-v8a/CMakeFiles/CMakeTmp/CheckSymbolExists.c:
/* */
#include <float.h>
#include <iconv.h>
#include <inttypes.h>
#include <limits.h>
#include <malloc.h>
#include <math.h>
#include <memory.h>
#include <signal.h>
#include <stdarg.h>
#include <stdbool.h>
#include <stddef.h>
#include <stdint.h>
#include <stdio.h>
#include <stdlib.h>
#include <string.h>
#include <strings.h>
#include <sys/types.h>
#include <time.h>
#include <wchar.h>

int main(int argc, char** argv)
{
  (void)argv;
#ifndef ceilf
  return ((int*)(&ceilf))[argc];
#else
  (void)argc;
  return 0;
#endif
}
Determining if the copysign exist passed with the following output:
Change Dir: /home/dwitama/Documents/devel/c/radengan-app/exper/sdl/android-project/app/.cxx/Debug/4i2o3f3x/arm64-v8a/CMakeFiles/CMakeTmp

Run Build Command(s):/home/dwitama/Documents/devel/android/Android/sdk/cmake/3.22.1/bin/ninja cmTC_7c7d3 && [1/2] Building C object CMakeFiles/cmTC_7c7d3.dir/CheckSymbolExists.c.o
[2/2] Linking C executable cmTC_7c7d3


File /home/dwitama/Documents/devel/c/radengan-app/exper/sdl/android-project/app/.cxx/Debug/4i2o3f3x/arm64-v8a/CMakeFiles/CMakeTmp/CheckSymbolExists.c:
/* */
#include <float.h>
#include <iconv.h>
#include <inttypes.h>
#include <limits.h>
#include <malloc.h>
#include <math.h>
#include <memory.h>
#include <signal.h>
#include <stdarg.h>
#include <stdbool.h>
#include <stddef.h>
#include <stdint.h>
#include <stdio.h>
#include <stdlib.h>
#include <string.h>
#include <strings.h>
#include <sys/types.h>
#include <time.h>
#include <wchar.h>

int main(int argc, char** argv)
{
  (void)argv;
#ifndef copysign
  return ((int*)(&copysign))[argc];
#else
  (void)argc;
  return 0;
#endif
}
Determining if the copysignf exist passed with the following output:
Change Dir: /home/dwitama/Documents/devel/c/radengan-app/exper/sdl/android-project/app/.cxx/Debug/4i2o3f3x/arm64-v8a/CMakeFiles/CMakeTmp

Run Build Command(s):/home/dwitama/Documents/devel/android/Android/sdk/cmake/3.22.1/bin/ninja cmTC_32e10 && [1/2] Building C object CMakeFiles/cmTC_32e10.dir/CheckSymbolExists.c.o
[2/2] Linking C executable cmTC_32e10


File /home/dwitama/Documents/devel/c/radengan-app/exper/sdl/android-project/app/.cxx/Debug/4i2o3f3x/arm64-v8a/CMakeFiles/CMakeTmp/CheckSymbolExists.c:
/* */
#include <float.h>
#include <iconv.h>
#include <inttypes.h>
#include <limits.h>
#include <malloc.h>
#include <math.h>
#include <memory.h>
#include <signal.h>
#include <stdarg.h>
#include <stdbool.h>
#include <stddef.h>
#include <stdint.h>
#include <stdio.h>
#include <stdlib.h>
#include <string.h>
#include <strings.h>
#include <sys/types.h>
#include <time.h>
#include <wchar.h>

int main(int argc, char** argv)
{
  (void)argv;
#ifndef copysignf
  return ((int*)(&copysignf))[argc];
#else
  (void)argc;
  return 0;
#endif
}
Determining if the cos exist passed with the following output:
Change Dir: /home/dwitama/Documents/devel/c/radengan-app/exper/sdl/android-project/app/.cxx/Debug/4i2o3f3x/arm64-v8a/CMakeFiles/CMakeTmp

Run Build Command(s):/home/dwitama/Documents/devel/android/Android/sdk/cmake/3.22.1/bin/ninja cmTC_2b545 && [1/2] Building C object CMakeFiles/cmTC_2b545.dir/CheckSymbolExists.c.o
[2/2] Linking C executable cmTC_2b545


File /home/dwitama/Documents/devel/c/radengan-app/exper/sdl/android-project/app/.cxx/Debug/4i2o3f3x/arm64-v8a/CMakeFiles/CMakeTmp/CheckSymbolExists.c:
/* */
#include <float.h>
#include <iconv.h>
#include <inttypes.h>
#include <limits.h>
#include <malloc.h>
#include <math.h>
#include <memory.h>
#include <signal.h>
#include <stdarg.h>
#include <stdbool.h>
#include <stddef.h>
#include <stdint.h>
#include <stdio.h>
#include <stdlib.h>
#include <string.h>
#include <strings.h>
#include <sys/types.h>
#include <time.h>
#include <wchar.h>

int main(int argc, char** argv)
{
  (void)argv;
#ifndef cos
  return ((int*)(&cos))[argc];
#else
  (void)argc;
  return 0;
#endif
}
Determining if the cosf exist passed with the following output:
Change Dir: /home/dwitama/Documents/devel/c/radengan-app/exper/sdl/android-project/app/.cxx/Debug/4i2o3f3x/arm64-v8a/CMakeFiles/CMakeTmp

Run Build Command(s):/home/dwitama/Documents/devel/android/Android/sdk/cmake/3.22.1/bin/ninja cmTC_cefed && [1/2] Building C object CMakeFiles/cmTC_cefed.dir/CheckSymbolExists.c.o
[2/2] Linking C executable cmTC_cefed


File /home/dwitama/Documents/devel/c/radengan-app/exper/sdl/android-project/app/.cxx/Debug/4i2o3f3x/arm64-v8a/CMakeFiles/CMakeTmp/CheckSymbolExists.c:
/* */
#include <float.h>
#include <iconv.h>
#include <inttypes.h>
#include <limits.h>
#include <malloc.h>
#include <math.h>
#include <memory.h>
#include <signal.h>
#include <stdarg.h>
#include <stdbool.h>
#include <stddef.h>
#include <stdint.h>
#include <stdio.h>
#include <stdlib.h>
#include <string.h>
#include <strings.h>
#include <sys/types.h>
#include <time.h>
#include <wchar.h>

int main(int argc, char** argv)
{
  (void)argv;
#ifndef cosf
  return ((int*)(&cosf))[argc];
#else
  (void)argc;
  return 0;
#endif
}
Determining if the _Exit exist passed with the following output:
Change Dir: /home/dwitama/Documents/devel/c/radengan-app/exper/sdl/android-project/app/.cxx/Debug/4i2o3f3x/arm64-v8a/CMakeFiles/CMakeTmp

Run Build Command(s):/home/dwitama/Documents/devel/android/Android/sdk/cmake/3.22.1/bin/ninja cmTC_6afcf && [1/2] Building C object CMakeFiles/cmTC_6afcf.dir/CheckSymbolExists.c.o
[2/2] Linking C executable cmTC_6afcf


File /home/dwitama/Documents/devel/c/radengan-app/exper/sdl/android-project/app/.cxx/Debug/4i2o3f3x/arm64-v8a/CMakeFiles/CMakeTmp/CheckSymbolExists.c:
/* */
#include <float.h>
#include <iconv.h>
#include <inttypes.h>
#include <limits.h>
#include <malloc.h>
#include <math.h>
#include <memory.h>
#include <signal.h>
#include <stdarg.h>
#include <stdbool.h>
#include <stddef.h>
#include <stdint.h>
#include <stdio.h>
#include <stdlib.h>
#include <string.h>
#include <strings.h>
#include <sys/types.h>
#include <time.h>
#include <wchar.h>

int main(int argc, char** argv)
{
  (void)argv;
#ifndef _Exit
  return ((int*)(&_Exit))[argc];
#else
  (void)argc;
  return 0;
#endif
}
Determining if the exp exist passed with the following output:
Change Dir: /home/dwitama/Documents/devel/c/radengan-app/exper/sdl/android-project/app/.cxx/Debug/4i2o3f3x/arm64-v8a/CMakeFiles/CMakeTmp

Run Build Command(s):/home/dwitama/Documents/devel/android/Android/sdk/cmake/3.22.1/bin/ninja cmTC_c312f && [1/2] Building C object CMakeFiles/cmTC_c312f.dir/CheckSymbolExists.c.o
[2/2] Linking C executable cmTC_c312f


File /home/dwitama/Documents/devel/c/radengan-app/exper/sdl/android-project/app/.cxx/Debug/4i2o3f3x/arm64-v8a/CMakeFiles/CMakeTmp/CheckSymbolExists.c:
/* */
#include <float.h>
#include <iconv.h>
#include <inttypes.h>
#include <limits.h>
#include <malloc.h>
#include <math.h>
#include <memory.h>
#include <signal.h>
#include <stdarg.h>
#include <stdbool.h>
#include <stddef.h>
#include <stdint.h>
#include <stdio.h>
#include <stdlib.h>
#include <string.h>
#include <strings.h>
#include <sys/types.h>
#include <time.h>
#include <wchar.h>

int main(int argc, char** argv)
{
  (void)argv;
#ifndef exp
  return ((int*)(&exp))[argc];
#else
  (void)argc;
  return 0;
#endif
}
Determining if the expf exist passed with the following output:
Change Dir: /home/dwitama/Documents/devel/c/radengan-app/exper/sdl/android-project/app/.cxx/Debug/4i2o3f3x/arm64-v8a/CMakeFiles/CMakeTmp

Run Build Command(s):/home/dwitama/Documents/devel/android/Android/sdk/cmake/3.22.1/bin/ninja cmTC_80087 && [1/2] Building C object CMakeFiles/cmTC_80087.dir/CheckSymbolExists.c.o
[2/2] Linking C executable cmTC_80087


File /home/dwitama/Documents/devel/c/radengan-app/exper/sdl/android-project/app/.cxx/Debug/4i2o3f3x/arm64-v8a/CMakeFiles/CMakeTmp/CheckSymbolExists.c:
/* */
#include <float.h>
#include <iconv.h>
#include <inttypes.h>
#include <limits.h>
#include <malloc.h>
#include <math.h>
#include <memory.h>
#include <signal.h>
#include <stdarg.h>
#include <stdbool.h>
#include <stddef.h>
#include <stdint.h>
#include <stdio.h>
#include <stdlib.h>
#include <string.h>
#include <strings.h>
#include <sys/types.h>
#include <time.h>
#include <wchar.h>

int main(int argc, char** argv)
{
  (void)argv;
#ifndef expf
  return ((int*)(&expf))[argc];
#else
  (void)argc;
  return 0;
#endif
}
Determining if the fabs exist passed with the following output:
Change Dir: /home/dwitama/Documents/devel/c/radengan-app/exper/sdl/android-project/app/.cxx/Debug/4i2o3f3x/arm64-v8a/CMakeFiles/CMakeTmp

Run Build Command(s):/home/dwitama/Documents/devel/android/Android/sdk/cmake/3.22.1/bin/ninja cmTC_9e127 && [1/2] Building C object CMakeFiles/cmTC_9e127.dir/CheckSymbolExists.c.o
[2/2] Linking C executable cmTC_9e127


File /home/dwitama/Documents/devel/c/radengan-app/exper/sdl/android-project/app/.cxx/Debug/4i2o3f3x/arm64-v8a/CMakeFiles/CMakeTmp/CheckSymbolExists.c:
/* */
#include <float.h>
#include <iconv.h>
#include <inttypes.h>
#include <limits.h>
#include <malloc.h>
#include <math.h>
#include <memory.h>
#include <signal.h>
#include <stdarg.h>
#include <stdbool.h>
#include <stddef.h>
#include <stdint.h>
#include <stdio.h>
#include <stdlib.h>
#include <string.h>
#include <strings.h>
#include <sys/types.h>
#include <time.h>
#include <wchar.h>

int main(int argc, char** argv)
{
  (void)argv;
#ifndef fabs
  return ((int*)(&fabs))[argc];
#else
  (void)argc;
  return 0;
#endif
}
Determining if the fabsf exist passed with the following output:
Change Dir: /home/dwitama/Documents/devel/c/radengan-app/exper/sdl/android-project/app/.cxx/Debug/4i2o3f3x/arm64-v8a/CMakeFiles/CMakeTmp

Run Build Command(s):/home/dwitama/Documents/devel/android/Android/sdk/cmake/3.22.1/bin/ninja cmTC_01365 && [1/2] Building C object CMakeFiles/cmTC_01365.dir/CheckSymbolExists.c.o
[2/2] Linking C executable cmTC_01365


File /home/dwitama/Documents/devel/c/radengan-app/exper/sdl/android-project/app/.cxx/Debug/4i2o3f3x/arm64-v8a/CMakeFiles/CMakeTmp/CheckSymbolExists.c:
/* */
#include <float.h>
#include <iconv.h>
#include <inttypes.h>
#include <limits.h>
#include <malloc.h>
#include <math.h>
#include <memory.h>
#include <signal.h>
#include <stdarg.h>
#include <stdbool.h>
#include <stddef.h>
#include <stdint.h>
#include <stdio.h>
#include <stdlib.h>
#include <string.h>
#include <strings.h>
#include <sys/types.h>
#include <time.h>
#include <wchar.h>

int main(int argc, char** argv)
{
  (void)argv;
#ifndef fabsf
  return ((int*)(&fabsf))[argc];
#else
  (void)argc;
  return 0;
#endif
}
Determining if the floor exist passed with the following output:
Change Dir: /home/dwitama/Documents/devel/c/radengan-app/exper/sdl/android-project/app/.cxx/Debug/4i2o3f3x/arm64-v8a/CMakeFiles/CMakeTmp

Run Build Command(s):/home/dwitama/Documents/devel/android/Android/sdk/cmake/3.22.1/bin/ninja cmTC_0b646 && [1/2] Building C object CMakeFiles/cmTC_0b646.dir/CheckSymbolExists.c.o
[2/2] Linking C executable cmTC_0b646


File /home/dwitama/Documents/devel/c/radengan-app/exper/sdl/android-project/app/.cxx/Debug/4i2o3f3x/arm64-v8a/CMakeFiles/CMakeTmp/CheckSymbolExists.c:
/* */
#include <float.h>
#include <iconv.h>
#include <inttypes.h>
#include <limits.h>
#include <malloc.h>
#include <math.h>
#include <memory.h>
#include <signal.h>
#include <stdarg.h>
#include <stdbool.h>
#include <stddef.h>
#include <stdint.h>
#include <stdio.h>
#include <stdlib.h>
#include <string.h>
#include <strings.h>
#include <sys/types.h>
#include <time.h>
#include <wchar.h>

int main(int argc, char** argv)
{
  (void)argv;
#ifndef floor
  return ((int*)(&floor))[argc];
#else
  (void)argc;
  return 0;
#endif
}
Determining if the floorf exist passed with the following output:
Change Dir: /home/dwitama/Documents/devel/c/radengan-app/exper/sdl/android-project/app/.cxx/Debug/4i2o3f3x/arm64-v8a/CMakeFiles/CMakeTmp

Run Build Command(s):/home/dwitama/Documents/devel/android/Android/sdk/cmake/3.22.1/bin/ninja cmTC_4af10 && [1/2] Building C object CMakeFiles/cmTC_4af10.dir/CheckSymbolExists.c.o
[2/2] Linking C executable cmTC_4af10


File /home/dwitama/Documents/devel/c/radengan-app/exper/sdl/android-project/app/.cxx/Debug/4i2o3f3x/arm64-v8a/CMakeFiles/CMakeTmp/CheckSymbolExists.c:
/* */
#include <float.h>
#include <iconv.h>
#include <inttypes.h>
#include <limits.h>
#include <malloc.h>
#include <math.h>
#include <memory.h>
#include <signal.h>
#include <stdarg.h>
#include <stdbool.h>
#include <stddef.h>
#include <stdint.h>
#include <stdio.h>
#include <stdlib.h>
#include <string.h>
#include <strings.h>
#include <sys/types.h>
#include <time.h>
#include <wchar.h>

int main(int argc, char** argv)
{
  (void)argv;
#ifndef floorf
  return ((int*)(&floorf))[argc];
#else
  (void)argc;
  return 0;
#endif
}
Determining if the fmod exist passed with the following output:
Change Dir: /home/dwitama/Documents/devel/c/radengan-app/exper/sdl/android-project/app/.cxx/Debug/4i2o3f3x/arm64-v8a/CMakeFiles/CMakeTmp

Run Build Command(s):/home/dwitama/Documents/devel/android/Android/sdk/cmake/3.22.1/bin/ninja cmTC_c4351 && [1/2] Building C object CMakeFiles/cmTC_c4351.dir/CheckSymbolExists.c.o
[2/2] Linking C executable cmTC_c4351


File /home/dwitama/Documents/devel/c/radengan-app/exper/sdl/android-project/app/.cxx/Debug/4i2o3f3x/arm64-v8a/CMakeFiles/CMakeTmp/CheckSymbolExists.c:
/* */
#include <float.h>
#include <iconv.h>
#include <inttypes.h>
#include <limits.h>
#include <malloc.h>
#include <math.h>
#include <memory.h>
#include <signal.h>
#include <stdarg.h>
#include <stdbool.h>
#include <stddef.h>
#include <stdint.h>
#include <stdio.h>
#include <stdlib.h>
#include <string.h>
#include <strings.h>
#include <sys/types.h>
#include <time.h>
#include <wchar.h>

int main(int argc, char** argv)
{
  (void)argv;
#ifndef fmod
  return ((int*)(&fmod))[argc];
#else
  (void)argc;
  return 0;
#endif
}
Determining if the fmodf exist passed with the following output:
Change Dir: /home/dwitama/Documents/devel/c/radengan-app/exper/sdl/android-project/app/.cxx/Debug/4i2o3f3x/arm64-v8a/CMakeFiles/CMakeTmp

Run Build Command(s):/home/dwitama/Documents/devel/android/Android/sdk/cmake/3.22.1/bin/ninja cmTC_250c9 && [1/2] Building C object CMakeFiles/cmTC_250c9.dir/CheckSymbolExists.c.o
[2/2] Linking C executable cmTC_250c9


File /home/dwitama/Documents/devel/c/radengan-app/exper/sdl/android-project/app/.cxx/Debug/4i2o3f3x/arm64-v8a/CMakeFiles/CMakeTmp/CheckSymbolExists.c:
/* */
#include <float.h>
#include <iconv.h>
#include <inttypes.h>
#include <limits.h>
#include <malloc.h>
#include <math.h>
#include <memory.h>
#include <signal.h>
#include <stdarg.h>
#include <stdbool.h>
#include <stddef.h>
#include <stdint.h>
#include <stdio.h>
#include <stdlib.h>
#include <string.h>
#include <strings.h>
#include <sys/types.h>
#include <time.h>
#include <wchar.h>

int main(int argc, char** argv)
{
  (void)argv;
#ifndef fmodf
  return ((int*)(&fmodf))[argc];
#else
  (void)argc;
  return 0;
#endif
}
Determining if the fseeko exist passed with the following output:
Change Dir: /home/dwitama/Documents/devel/c/radengan-app/exper/sdl/android-project/app/.cxx/Debug/4i2o3f3x/arm64-v8a/CMakeFiles/CMakeTmp

Run Build Command(s):/home/dwitama/Documents/devel/android/Android/sdk/cmake/3.22.1/bin/ninja cmTC_4ad65 && [1/2] Building C object CMakeFiles/cmTC_4ad65.dir/CheckSymbolExists.c.o
[2/2] Linking C executable cmTC_4ad65


File /home/dwitama/Documents/devel/c/radengan-app/exper/sdl/android-project/app/.cxx/Debug/4i2o3f3x/arm64-v8a/CMakeFiles/CMakeTmp/CheckSymbolExists.c:
/* */
#include <float.h>
#include <iconv.h>
#include <inttypes.h>
#include <limits.h>
#include <malloc.h>
#include <math.h>
#include <memory.h>
#include <signal.h>
#include <stdarg.h>
#include <stdbool.h>
#include <stddef.h>
#include <stdint.h>
#include <stdio.h>
#include <stdlib.h>
#include <string.h>
#include <strings.h>
#include <sys/types.h>
#include <time.h>
#include <wchar.h>

int main(int argc, char** argv)
{
  (void)argv;
#ifndef fseeko
  return ((int*)(&fseeko))[argc];
#else
  (void)argc;
  return 0;
#endif
}
Determining if the getenv exist passed with the following output:
Change Dir: /home/dwitama/Documents/devel/c/radengan-app/exper/sdl/android-project/app/.cxx/Debug/4i2o3f3x/arm64-v8a/CMakeFiles/CMakeTmp

Run Build Command(s):/home/dwitama/Documents/devel/android/Android/sdk/cmake/3.22.1/bin/ninja cmTC_37006 && [1/2] Building C object CMakeFiles/cmTC_37006.dir/CheckSymbolExists.c.o
[2/2] Linking C executable cmTC_37006


File /home/dwitama/Documents/devel/c/radengan-app/exper/sdl/android-project/app/.cxx/Debug/4i2o3f3x/arm64-v8a/CMakeFiles/CMakeTmp/CheckSymbolExists.c:
/* */
#include <float.h>
#include <iconv.h>
#include <inttypes.h>
#include <limits.h>
#include <malloc.h>
#include <math.h>
#include <memory.h>
#include <signal.h>
#include <stdarg.h>
#include <stdbool.h>
#include <stddef.h>
#include <stdint.h>
#include <stdio.h>
#include <stdlib.h>
#include <string.h>
#include <strings.h>
#include <sys/types.h>
#include <time.h>
#include <wchar.h>

int main(int argc, char** argv)
{
  (void)argv;
#ifndef getenv
  return ((int*)(&getenv))[argc];
#else
  (void)argc;
  return 0;
#endif
}
Determining if the log exist passed with the following output:
Change Dir: /home/dwitama/Documents/devel/c/radengan-app/exper/sdl/android-project/app/.cxx/Debug/4i2o3f3x/arm64-v8a/CMakeFiles/CMakeTmp

Run Build Command(s):/home/dwitama/Documents/devel/android/Android/sdk/cmake/3.22.1/bin/ninja cmTC_dc8b0 && [1/2] Building C object CMakeFiles/cmTC_dc8b0.dir/CheckSymbolExists.c.o
[2/2] Linking C executable cmTC_dc8b0


File /home/dwitama/Documents/devel/c/radengan-app/exper/sdl/android-project/app/.cxx/Debug/4i2o3f3x/arm64-v8a/CMakeFiles/CMakeTmp/CheckSymbolExists.c:
/* */
#include <float.h>
#include <iconv.h>
#include <inttypes.h>
#include <limits.h>
#include <malloc.h>
#include <math.h>
#include <memory.h>
#include <signal.h>
#include <stdarg.h>
#include <stdbool.h>
#include <stddef.h>
#include <stdint.h>
#include <stdio.h>
#include <stdlib.h>
#include <string.h>
#include <strings.h>
#include <sys/types.h>
#include <time.h>
#include <wchar.h>

int main(int argc, char** argv)
{
  (void)argv;
#ifndef log
  return ((int*)(&log))[argc];
#else
  (void)argc;
  return 0;
#endif
}
Determining if the log10 exist passed with the following output:
Change Dir: /home/dwitama/Documents/devel/c/radengan-app/exper/sdl/android-project/app/.cxx/Debug/4i2o3f3x/arm64-v8a/CMakeFiles/CMakeTmp

Run Build Command(s):/home/dwitama/Documents/devel/android/Android/sdk/cmake/3.22.1/bin/ninja cmTC_13187 && [1/2] Building C object CMakeFiles/cmTC_13187.dir/CheckSymbolExists.c.o
[2/2] Linking C executable cmTC_13187


File /home/dwitama/Documents/devel/c/radengan-app/exper/sdl/android-project/app/.cxx/Debug/4i2o3f3x/arm64-v8a/CMakeFiles/CMakeTmp/CheckSymbolExists.c:
/* */
#include <float.h>
#include <iconv.h>
#include <inttypes.h>
#include <limits.h>
#include <malloc.h>
#include <math.h>
#include <memory.h>
#include <signal.h>
#include <stdarg.h>
#include <stdbool.h>
#include <stddef.h>
#include <stdint.h>
#include <stdio.h>
#include <stdlib.h>
#include <string.h>
#include <strings.h>
#include <sys/types.h>
#include <time.h>
#include <wchar.h>

int main(int argc, char** argv)
{
  (void)argv;
#ifndef log10
  return ((int*)(&log10))[argc];
#else
  (void)argc;
  return 0;
#endif
}
Determining if the log10f exist passed with the following output:
Change Dir: /home/dwitama/Documents/devel/c/radengan-app/exper/sdl/android-project/app/.cxx/Debug/4i2o3f3x/arm64-v8a/CMakeFiles/CMakeTmp

Run Build Command(s):/home/dwitama/Documents/devel/android/Android/sdk/cmake/3.22.1/bin/ninja cmTC_8734d && [1/2] Building C object CMakeFiles/cmTC_8734d.dir/CheckSymbolExists.c.o
[2/2] Linking C executable cmTC_8734d


File /home/dwitama/Documents/devel/c/radengan-app/exper/sdl/android-project/app/.cxx/Debug/4i2o3f3x/arm64-v8a/CMakeFiles/CMakeTmp/CheckSymbolExists.c:
/* */
#include <float.h>
#include <iconv.h>
#include <inttypes.h>
#include <limits.h>
#include <malloc.h>
#include <math.h>
#include <memory.h>
#include <signal.h>
#include <stdarg.h>
#include <stdbool.h>
#include <stddef.h>
#include <stdint.h>
#include <stdio.h>
#include <stdlib.h>
#include <string.h>
#include <strings.h>
#include <sys/types.h>
#include <time.h>
#include <wchar.h>

int main(int argc, char** argv)
{
  (void)argv;
#ifndef log10f
  return ((int*)(&log10f))[argc];
#else
  (void)argc;
  return 0;
#endif
}
Determining if the logf exist passed with the following output:
Change Dir: /home/dwitama/Documents/devel/c/radengan-app/exper/sdl/android-project/app/.cxx/Debug/4i2o3f3x/arm64-v8a/CMakeFiles/CMakeTmp

Run Build Command(s):/home/dwitama/Documents/devel/android/Android/sdk/cmake/3.22.1/bin/ninja cmTC_7c2b8 && [1/2] Building C object CMakeFiles/cmTC_7c2b8.dir/CheckSymbolExists.c.o
[2/2] Linking C executable cmTC_7c2b8


File /home/dwitama/Documents/devel/c/radengan-app/exper/sdl/android-project/app/.cxx/Debug/4i2o3f3x/arm64-v8a/CMakeFiles/CMakeTmp/CheckSymbolExists.c:
/* */
#include <float.h>
#include <iconv.h>
#include <inttypes.h>
#include <limits.h>
#include <malloc.h>
#include <math.h>
#include <memory.h>
#include <signal.h>
#include <stdarg.h>
#include <stdbool.h>
#include <stddef.h>
#include <stdint.h>
#include <stdio.h>
#include <stdlib.h>
#include <string.h>
#include <strings.h>
#include <sys/types.h>
#include <time.h>
#include <wchar.h>

int main(int argc, char** argv)
{
  (void)argv;
#ifndef logf
  return ((int*)(&logf))[argc];
#else
  (void)argc;
  return 0;
#endif
}
Determining if the lround exist passed with the following output:
Change Dir: /home/dwitama/Documents/devel/c/radengan-app/exper/sdl/android-project/app/.cxx/Debug/4i2o3f3x/arm64-v8a/CMakeFiles/CMakeTmp

Run Build Command(s):/home/dwitama/Documents/devel/android/Android/sdk/cmake/3.22.1/bin/ninja cmTC_412d6 && [1/2] Building C object CMakeFiles/cmTC_412d6.dir/CheckSymbolExists.c.o
[2/2] Linking C executable cmTC_412d6


File /home/dwitama/Documents/devel/c/radengan-app/exper/sdl/android-project/app/.cxx/Debug/4i2o3f3x/arm64-v8a/CMakeFiles/CMakeTmp/CheckSymbolExists.c:
/* */
#include <float.h>
#include <iconv.h>
#include <inttypes.h>
#include <limits.h>
#include <malloc.h>
#include <math.h>
#include <memory.h>
#include <signal.h>
#include <stdarg.h>
#include <stdbool.h>
#include <stddef.h>
#include <stdint.h>
#include <stdio.h>
#include <stdlib.h>
#include <string.h>
#include <strings.h>
#include <sys/types.h>
#include <time.h>
#include <wchar.h>

int main(int argc, char** argv)
{
  (void)argv;
#ifndef lround
  return ((int*)(&lround))[argc];
#else
  (void)argc;
  return 0;
#endif
}
Determining if the lroundf exist passed with the following output:
Change Dir: /home/dwitama/Documents/devel/c/radengan-app/exper/sdl/android-project/app/.cxx/Debug/4i2o3f3x/arm64-v8a/CMakeFiles/CMakeTmp

Run Build Command(s):/home/dwitama/Documents/devel/android/Android/sdk/cmake/3.22.1/bin/ninja cmTC_b520b && [1/2] Building C object CMakeFiles/cmTC_b520b.dir/CheckSymbolExists.c.o
[2/2] Linking C executable cmTC_b520b


File /home/dwitama/Documents/devel/c/radengan-app/exper/sdl/android-project/app/.cxx/Debug/4i2o3f3x/arm64-v8a/CMakeFiles/CMakeTmp/CheckSymbolExists.c:
/* */
#include <float.h>
#include <iconv.h>
#include <inttypes.h>
#include <limits.h>
#include <malloc.h>
#include <math.h>
#include <memory.h>
#include <signal.h>
#include <stdarg.h>
#include <stdbool.h>
#include <stddef.h>
#include <stdint.h>
#include <stdio.h>
#include <stdlib.h>
#include <string.h>
#include <strings.h>
#include <sys/types.h>
#include <time.h>
#include <wchar.h>

int main(int argc, char** argv)
{
  (void)argv;
#ifndef lroundf
  return ((int*)(&lroundf))[argc];
#else
  (void)argc;
  return 0;
#endif
}
Determining if the malloc exist passed with the following output:
Change Dir: /home/dwitama/Documents/devel/c/radengan-app/exper/sdl/android-project/app/.cxx/Debug/4i2o3f3x/arm64-v8a/CMakeFiles/CMakeTmp

Run Build Command(s):/home/dwitama/Documents/devel/android/Android/sdk/cmake/3.22.1/bin/ninja cmTC_933c6 && [1/2] Building C object CMakeFiles/cmTC_933c6.dir/CheckSymbolExists.c.o
[2/2] Linking C executable cmTC_933c6


File /home/dwitama/Documents/devel/c/radengan-app/exper/sdl/android-project/app/.cxx/Debug/4i2o3f3x/arm64-v8a/CMakeFiles/CMakeTmp/CheckSymbolExists.c:
/* */
#include <float.h>
#include <iconv.h>
#include <inttypes.h>
#include <limits.h>
#include <malloc.h>
#include <math.h>
#include <memory.h>
#include <signal.h>
#include <stdarg.h>
#include <stdbool.h>
#include <stddef.h>
#include <stdint.h>
#include <stdio.h>
#include <stdlib.h>
#include <string.h>
#include <strings.h>
#include <sys/types.h>
#include <time.h>
#include <wchar.h>

int main(int argc, char** argv)
{
  (void)argv;
#ifndef malloc
  return ((int*)(&malloc))[argc];
#else
  (void)argc;
  return 0;
#endif
}
Determining if the memcmp exist passed with the following output:
Change Dir: /home/dwitama/Documents/devel/c/radengan-app/exper/sdl/android-project/app/.cxx/Debug/4i2o3f3x/arm64-v8a/CMakeFiles/CMakeTmp

Run Build Command(s):/home/dwitama/Documents/devel/android/Android/sdk/cmake/3.22.1/bin/ninja cmTC_dd237 && [1/2] Building C object CMakeFiles/cmTC_dd237.dir/CheckSymbolExists.c.o
[2/2] Linking C executable cmTC_dd237


File /home/dwitama/Documents/devel/c/radengan-app/exper/sdl/android-project/app/.cxx/Debug/4i2o3f3x/arm64-v8a/CMakeFiles/CMakeTmp/CheckSymbolExists.c:
/* */
#include <float.h>
#include <iconv.h>
#include <inttypes.h>
#include <limits.h>
#include <malloc.h>
#include <math.h>
#include <memory.h>
#include <signal.h>
#include <stdarg.h>
#include <stdbool.h>
#include <stddef.h>
#include <stdint.h>
#include <stdio.h>
#include <stdlib.h>
#include <string.h>
#include <strings.h>
#include <sys/types.h>
#include <time.h>
#include <wchar.h>

int main(int argc, char** argv)
{
  (void)argv;
#ifndef memcmp
  return ((int*)(&memcmp))[argc];
#else
  (void)argc;
  return 0;
#endif
}
Determining if the memcpy exist passed with the following output:
Change Dir: /home/dwitama/Documents/devel/c/radengan-app/exper/sdl/android-project/app/.cxx/Debug/4i2o3f3x/arm64-v8a/CMakeFiles/CMakeTmp

Run Build Command(s):/home/dwitama/Documents/devel/android/Android/sdk/cmake/3.22.1/bin/ninja cmTC_56434 && [1/2] Building C object CMakeFiles/cmTC_56434.dir/CheckSymbolExists.c.o
[2/2] Linking C executable cmTC_56434


File /home/dwitama/Documents/devel/c/radengan-app/exper/sdl/android-project/app/.cxx/Debug/4i2o3f3x/arm64-v8a/CMakeFiles/CMakeTmp/CheckSymbolExists.c:
/* */
#include <float.h>
#include <iconv.h>
#include <inttypes.h>
#include <limits.h>
#include <malloc.h>
#include <math.h>
#include <memory.h>
#include <signal.h>
#include <stdarg.h>
#include <stdbool.h>
#include <stddef.h>
#include <stdint.h>
#include <stdio.h>
#include <stdlib.h>
#include <string.h>
#include <strings.h>
#include <sys/types.h>
#include <time.h>
#include <wchar.h>

int main(int argc, char** argv)
{
  (void)argv;
#ifndef memcpy
  return ((int*)(&memcpy))[argc];
#else
  (void)argc;
  return 0;
#endif
}
Determining if the memmove exist passed with the following output:
Change Dir: /home/dwitama/Documents/devel/c/radengan-app/exper/sdl/android-project/app/.cxx/Debug/4i2o3f3x/arm64-v8a/CMakeFiles/CMakeTmp

Run Build Command(s):/home/dwitama/Documents/devel/android/Android/sdk/cmake/3.22.1/bin/ninja cmTC_b511d && [1/2] Building C object CMakeFiles/cmTC_b511d.dir/CheckSymbolExists.c.o
[2/2] Linking C executable cmTC_b511d


File /home/dwitama/Documents/devel/c/radengan-app/exper/sdl/android-project/app/.cxx/Debug/4i2o3f3x/arm64-v8a/CMakeFiles/CMakeTmp/CheckSymbolExists.c:
/* */
#include <float.h>
#include <iconv.h>
#include <inttypes.h>
#include <limits.h>
#include <malloc.h>
#include <math.h>
#include <memory.h>
#include <signal.h>
#include <stdarg.h>
#include <stdbool.h>
#include <stddef.h>
#include <stdint.h>
#include <stdio.h>
#include <stdlib.h>
#include <string.h>
#include <strings.h>
#include <sys/types.h>
#include <time.h>
#include <wchar.h>

int main(int argc, char** argv)
{
  (void)argv;
#ifndef memmove
  return ((int*)(&memmove))[argc];
#else
  (void)argc;
  return 0;
#endif
}
Determining if the memset exist passed with the following output:
Change Dir: /home/dwitama/Documents/devel/c/radengan-app/exper/sdl/android-project/app/.cxx/Debug/4i2o3f3x/arm64-v8a/CMakeFiles/CMakeTmp

Run Build Command(s):/home/dwitama/Documents/devel/android/Android/sdk/cmake/3.22.1/bin/ninja cmTC_fb66d && [1/2] Building C object CMakeFiles/cmTC_fb66d.dir/CheckSymbolExists.c.o
[2/2] Linking C executable cmTC_fb66d


File /home/dwitama/Documents/devel/c/radengan-app/exper/sdl/android-project/app/.cxx/Debug/4i2o3f3x/arm64-v8a/CMakeFiles/CMakeTmp/CheckSymbolExists.c:
/* */
#include <float.h>
#include <iconv.h>
#include <inttypes.h>
#include <limits.h>
#include <malloc.h>
#include <math.h>
#include <memory.h>
#include <signal.h>
#include <stdarg.h>
#include <stdbool.h>
#include <stddef.h>
#include <stdint.h>
#include <stdio.h>
#include <stdlib.h>
#include <string.h>
#include <strings.h>
#include <sys/types.h>
#include <time.h>
#include <wchar.h>

int main(int argc, char** argv)
{
  (void)argv;
#ifndef memset
  return ((int*)(&memset))[argc];
#else
  (void)argc;
  return 0;
#endif
}
Determining if the modf exist passed with the following output:
Change Dir: /home/dwitama/Documents/devel/c/radengan-app/exper/sdl/android-project/app/.cxx/Debug/4i2o3f3x/arm64-v8a/CMakeFiles/CMakeTmp

Run Build Command(s):/home/dwitama/Documents/devel/android/Android/sdk/cmake/3.22.1/bin/ninja cmTC_c6f6f && [1/2] Building C object CMakeFiles/cmTC_c6f6f.dir/CheckSymbolExists.c.o
[2/2] Linking C executable cmTC_c6f6f


File /home/dwitama/Documents/devel/c/radengan-app/exper/sdl/android-project/app/.cxx/Debug/4i2o3f3x/arm64-v8a/CMakeFiles/CMakeTmp/CheckSymbolExists.c:
/* */
#include <float.h>
#include <iconv.h>
#include <inttypes.h>
#include <limits.h>
#include <malloc.h>
#include <math.h>
#include <memory.h>
#include <signal.h>
#include <stdarg.h>
#include <stdbool.h>
#include <stddef.h>
#include <stdint.h>
#include <stdio.h>
#include <stdlib.h>
#include <string.h>
#include <strings.h>
#include <sys/types.h>
#include <time.h>
#include <wchar.h>

int main(int argc, char** argv)
{
  (void)argv;
#ifndef modf
  return ((int*)(&modf))[argc];
#else
  (void)argc;
  return 0;
#endif
}
Determining if the modff exist passed with the following output:
Change Dir: /home/dwitama/Documents/devel/c/radengan-app/exper/sdl/android-project/app/.cxx/Debug/4i2o3f3x/arm64-v8a/CMakeFiles/CMakeTmp

Run Build Command(s):/home/dwitama/Documents/devel/android/Android/sdk/cmake/3.22.1/bin/ninja cmTC_c98da && [1/2] Building C object CMakeFiles/cmTC_c98da.dir/CheckSymbolExists.c.o
[2/2] Linking C executable cmTC_c98da


File /home/dwitama/Documents/devel/c/radengan-app/exper/sdl/android-project/app/.cxx/Debug/4i2o3f3x/arm64-v8a/CMakeFiles/CMakeTmp/CheckSymbolExists.c:
/* */
#include <float.h>
#include <iconv.h>
#include <inttypes.h>
#include <limits.h>
#include <malloc.h>
#include <math.h>
#include <memory.h>
#include <signal.h>
#include <stdarg.h>
#include <stdbool.h>
#include <stddef.h>
#include <stdint.h>
#include <stdio.h>
#include <stdlib.h>
#include <string.h>
#include <strings.h>
#include <sys/types.h>
#include <time.h>
#include <wchar.h>

int main(int argc, char** argv)
{
  (void)argv;
#ifndef modff
  return ((int*)(&modff))[argc];
#else
  (void)argc;
  return 0;
#endif
}
Determining if the pow exist passed with the following output:
Change Dir: /home/dwitama/Documents/devel/c/radengan-app/exper/sdl/android-project/app/.cxx/Debug/4i2o3f3x/arm64-v8a/CMakeFiles/CMakeTmp

Run Build Command(s):/home/dwitama/Documents/devel/android/Android/sdk/cmake/3.22.1/bin/ninja cmTC_63eb8 && [1/2] Building C object CMakeFiles/cmTC_63eb8.dir/CheckSymbolExists.c.o
[2/2] Linking C executable cmTC_63eb8


File /home/dwitama/Documents/devel/c/radengan-app/exper/sdl/android-project/app/.cxx/Debug/4i2o3f3x/arm64-v8a/CMakeFiles/CMakeTmp/CheckSymbolExists.c:
/* */
#include <float.h>
#include <iconv.h>
#include <inttypes.h>
#include <limits.h>
#include <malloc.h>
#include <math.h>
#include <memory.h>
#include <signal.h>
#include <stdarg.h>
#include <stdbool.h>
#include <stddef.h>
#include <stdint.h>
#include <stdio.h>
#include <stdlib.h>
#include <string.h>
#include <strings.h>
#include <sys/types.h>
#include <time.h>
#include <wchar.h>

int main(int argc, char** argv)
{
  (void)argv;
#ifndef pow
  return ((int*)(&pow))[argc];
#else
  (void)argc;
  return 0;
#endif
}
Determining if the powf exist passed with the following output:
Change Dir: /home/dwitama/Documents/devel/c/radengan-app/exper/sdl/android-project/app/.cxx/Debug/4i2o3f3x/arm64-v8a/CMakeFiles/CMakeTmp

Run Build Command(s):/home/dwitama/Documents/devel/android/Android/sdk/cmake/3.22.1/bin/ninja cmTC_569bb && [1/2] Building C object CMakeFiles/cmTC_569bb.dir/CheckSymbolExists.c.o
[2/2] Linking C executable cmTC_569bb


File /home/dwitama/Documents/devel/c/radengan-app/exper/sdl/android-project/app/.cxx/Debug/4i2o3f3x/arm64-v8a/CMakeFiles/CMakeTmp/CheckSymbolExists.c:
/* */
#include <float.h>
#include <iconv.h>
#include <inttypes.h>
#include <limits.h>
#include <malloc.h>
#include <math.h>
#include <memory.h>
#include <signal.h>
#include <stdarg.h>
#include <stdbool.h>
#include <stddef.h>
#include <stdint.h>
#include <stdio.h>
#include <stdlib.h>
#include <string.h>
#include <strings.h>
#include <sys/types.h>
#include <time.h>
#include <wchar.h>

int main(int argc, char** argv)
{
  (void)argv;
#ifndef powf
  return ((int*)(&powf))[argc];
#else
  (void)argc;
  return 0;
#endif
}
Determining if the putenv exist passed with the following output:
Change Dir: /home/dwitama/Documents/devel/c/radengan-app/exper/sdl/android-project/app/.cxx/Debug/4i2o3f3x/arm64-v8a/CMakeFiles/CMakeTmp

Run Build Command(s):/home/dwitama/Documents/devel/android/Android/sdk/cmake/3.22.1/bin/ninja cmTC_b89e3 && [1/2] Building C object CMakeFiles/cmTC_b89e3.dir/CheckSymbolExists.c.o
[2/2] Linking C executable cmTC_b89e3


File /home/dwitama/Documents/devel/c/radengan-app/exper/sdl/android-project/app/.cxx/Debug/4i2o3f3x/arm64-v8a/CMakeFiles/CMakeTmp/CheckSymbolExists.c:
/* */
#include <float.h>
#include <iconv.h>
#include <inttypes.h>
#include <limits.h>
#include <malloc.h>
#include <math.h>
#include <memory.h>
#include <signal.h>
#include <stdarg.h>
#include <stdbool.h>
#include <stddef.h>
#include <stdint.h>
#include <stdio.h>
#include <stdlib.h>
#include <string.h>
#include <strings.h>
#include <sys/types.h>
#include <time.h>
#include <wchar.h>

int main(int argc, char** argv)
{
  (void)argv;
#ifndef putenv
  return ((int*)(&putenv))[argc];
#else
  (void)argc;
  return 0;
#endif
}
Determining if the round exist passed with the following output:
Change Dir: /home/dwitama/Documents/devel/c/radengan-app/exper/sdl/android-project/app/.cxx/Debug/4i2o3f3x/arm64-v8a/CMakeFiles/CMakeTmp

Run Build Command(s):/home/dwitama/Documents/devel/android/Android/sdk/cmake/3.22.1/bin/ninja cmTC_b4459 && [1/2] Building C object CMakeFiles/cmTC_b4459.dir/CheckSymbolExists.c.o
[2/2] Linking C executable cmTC_b4459


File /home/dwitama/Documents/devel/c/radengan-app/exper/sdl/android-project/app/.cxx/Debug/4i2o3f3x/arm64-v8a/CMakeFiles/CMakeTmp/CheckSymbolExists.c:
/* */
#include <float.h>
#include <iconv.h>
#include <inttypes.h>
#include <limits.h>
#include <malloc.h>
#include <math.h>
#include <memory.h>
#include <signal.h>
#include <stdarg.h>
#include <stdbool.h>
#include <stddef.h>
#include <stdint.h>
#include <stdio.h>
#include <stdlib.h>
#include <string.h>
#include <strings.h>
#include <sys/types.h>
#include <time.h>
#include <wchar.h>

int main(int argc, char** argv)
{
  (void)argv;
#ifndef round
  return ((int*)(&round))[argc];
#else
  (void)argc;
  return 0;
#endif
}
Determining if the roundf exist passed with the following output:
Change Dir: /home/dwitama/Documents/devel/c/radengan-app/exper/sdl/android-project/app/.cxx/Debug/4i2o3f3x/arm64-v8a/CMakeFiles/CMakeTmp

Run Build Command(s):/home/dwitama/Documents/devel/android/Android/sdk/cmake/3.22.1/bin/ninja cmTC_2324c && [1/2] Building C object CMakeFiles/cmTC_2324c.dir/CheckSymbolExists.c.o
[2/2] Linking C executable cmTC_2324c


File /home/dwitama/Documents/devel/c/radengan-app/exper/sdl/android-project/app/.cxx/Debug/4i2o3f3x/arm64-v8a/CMakeFiles/CMakeTmp/CheckSymbolExists.c:
/* */
#include <float.h>
#include <iconv.h>
#include <inttypes.h>
#include <limits.h>
#include <malloc.h>
#include <math.h>
#include <memory.h>
#include <signal.h>
#include <stdarg.h>
#include <stdbool.h>
#include <stddef.h>
#include <stdint.h>
#include <stdio.h>
#include <stdlib.h>
#include <string.h>
#include <strings.h>
#include <sys/types.h>
#include <time.h>
#include <wchar.h>

int main(int argc, char** argv)
{
  (void)argv;
#ifndef roundf
  return ((int*)(&roundf))[argc];
#else
  (void)argc;
  return 0;
#endif
}
Determining if the scalbn exist passed with the following output:
Change Dir: /home/dwitama/Documents/devel/c/radengan-app/exper/sdl/android-project/app/.cxx/Debug/4i2o3f3x/arm64-v8a/CMakeFiles/CMakeTmp

Run Build Command(s):/home/dwitama/Documents/devel/android/Android/sdk/cmake/3.22.1/bin/ninja cmTC_c59b3 && [1/2] Building C object CMakeFiles/cmTC_c59b3.dir/CheckSymbolExists.c.o
[2/2] Linking C executable cmTC_c59b3


File /home/dwitama/Documents/devel/c/radengan-app/exper/sdl/android-project/app/.cxx/Debug/4i2o3f3x/arm64-v8a/CMakeFiles/CMakeTmp/CheckSymbolExists.c:
/* */
#include <float.h>
#include <iconv.h>
#include <inttypes.h>
#include <limits.h>
#include <malloc.h>
#include <math.h>
#include <memory.h>
#include <signal.h>
#include <stdarg.h>
#include <stdbool.h>
#include <stddef.h>
#include <stdint.h>
#include <stdio.h>
#include <stdlib.h>
#include <string.h>
#include <strings.h>
#include <sys/types.h>
#include <time.h>
#include <wchar.h>

int main(int argc, char** argv)
{
  (void)argv;
#ifndef scalbn
  return ((int*)(&scalbn))[argc];
#else
  (void)argc;
  return 0;
#endif
}
Determining if the scalbnf exist passed with the following output:
Change Dir: /home/dwitama/Documents/devel/c/radengan-app/exper/sdl/android-project/app/.cxx/Debug/4i2o3f3x/arm64-v8a/CMakeFiles/CMakeTmp

Run Build Command(s):/home/dwitama/Documents/devel/android/Android/sdk/cmake/3.22.1/bin/ninja cmTC_89242 && [1/2] Building C object CMakeFiles/cmTC_89242.dir/CheckSymbolExists.c.o
[2/2] Linking C executable cmTC_89242


File /home/dwitama/Documents/devel/c/radengan-app/exper/sdl/android-project/app/.cxx/Debug/4i2o3f3x/arm64-v8a/CMakeFiles/CMakeTmp/CheckSymbolExists.c:
/* */
#include <float.h>
#include <iconv.h>
#include <inttypes.h>
#include <limits.h>
#include <malloc.h>
#include <math.h>
#include <memory.h>
#include <signal.h>
#include <stdarg.h>
#include <stdbool.h>
#include <stddef.h>
#include <stdint.h>
#include <stdio.h>
#include <stdlib.h>
#include <string.h>
#include <strings.h>
#include <sys/types.h>
#include <time.h>
#include <wchar.h>

int main(int argc, char** argv)
{
  (void)argv;
#ifndef scalbnf
  return ((int*)(&scalbnf))[argc];
#else
  (void)argc;
  return 0;
#endif
}
Determining if the setenv exist passed with the following output:
Change Dir: /home/dwitama/Documents/devel/c/radengan-app/exper/sdl/android-project/app/.cxx/Debug/4i2o3f3x/arm64-v8a/CMakeFiles/CMakeTmp

Run Build Command(s):/home/dwitama/Documents/devel/android/Android/sdk/cmake/3.22.1/bin/ninja cmTC_07db9 && [1/2] Building C object CMakeFiles/cmTC_07db9.dir/CheckSymbolExists.c.o
[2/2] Linking C executable cmTC_07db9


File /home/dwitama/Documents/devel/c/radengan-app/exper/sdl/android-project/app/.cxx/Debug/4i2o3f3x/arm64-v8a/CMakeFiles/CMakeTmp/CheckSymbolExists.c:
/* */
#include <float.h>
#include <iconv.h>
#include <inttypes.h>
#include <limits.h>
#include <malloc.h>
#include <math.h>
#include <memory.h>
#include <signal.h>
#include <stdarg.h>
#include <stdbool.h>
#include <stddef.h>
#include <stdint.h>
#include <stdio.h>
#include <stdlib.h>
#include <string.h>
#include <strings.h>
#include <sys/types.h>
#include <time.h>
#include <wchar.h>

int main(int argc, char** argv)
{
  (void)argv;
#ifndef setenv
  return ((int*)(&setenv))[argc];
#else
  (void)argc;
  return 0;
#endif
}
Determining if the sin exist passed with the following output:
Change Dir: /home/dwitama/Documents/devel/c/radengan-app/exper/sdl/android-project/app/.cxx/Debug/4i2o3f3x/arm64-v8a/CMakeFiles/CMakeTmp

Run Build Command(s):/home/dwitama/Documents/devel/android/Android/sdk/cmake/3.22.1/bin/ninja cmTC_148c5 && [1/2] Building C object CMakeFiles/cmTC_148c5.dir/CheckSymbolExists.c.o
[2/2] Linking C executable cmTC_148c5


File /home/dwitama/Documents/devel/c/radengan-app/exper/sdl/android-project/app/.cxx/Debug/4i2o3f3x/arm64-v8a/CMakeFiles/CMakeTmp/CheckSymbolExists.c:
/* */
#include <float.h>
#include <iconv.h>
#include <inttypes.h>
#include <limits.h>
#include <malloc.h>
#include <math.h>
#include <memory.h>
#include <signal.h>
#include <stdarg.h>
#include <stdbool.h>
#include <stddef.h>
#include <stdint.h>
#include <stdio.h>
#include <stdlib.h>
#include <string.h>
#include <strings.h>
#include <sys/types.h>
#include <time.h>
#include <wchar.h>

int main(int argc, char** argv)
{
  (void)argv;
#ifndef sin
  return ((int*)(&sin))[argc];
#else
  (void)argc;
  return 0;
#endif
}
Determining if the sinf exist passed with the following output:
Change Dir: /home/dwitama/Documents/devel/c/radengan-app/exper/sdl/android-project/app/.cxx/Debug/4i2o3f3x/arm64-v8a/CMakeFiles/CMakeTmp

Run Build Command(s):/home/dwitama/Documents/devel/android/Android/sdk/cmake/3.22.1/bin/ninja cmTC_3760a && [1/2] Building C object CMakeFiles/cmTC_3760a.dir/CheckSymbolExists.c.o
[2/2] Linking C executable cmTC_3760a


File /home/dwitama/Documents/devel/c/radengan-app/exper/sdl/android-project/app/.cxx/Debug/4i2o3f3x/arm64-v8a/CMakeFiles/CMakeTmp/CheckSymbolExists.c:
/* */
#include <float.h>
#include <iconv.h>
#include <inttypes.h>
#include <limits.h>
#include <malloc.h>
#include <math.h>
#include <memory.h>
#include <signal.h>
#include <stdarg.h>
#include <stdbool.h>
#include <stddef.h>
#include <stdint.h>
#include <stdio.h>
#include <stdlib.h>
#include <string.h>
#include <strings.h>
#include <sys/types.h>
#include <time.h>
#include <wchar.h>

int main(int argc, char** argv)
{
  (void)argv;
#ifndef sinf
  return ((int*)(&sinf))[argc];
#else
  (void)argc;
  return 0;
#endif
}
Determining if the sqrt exist passed with the following output:
Change Dir: /home/dwitama/Documents/devel/c/radengan-app/exper/sdl/android-project/app/.cxx/Debug/4i2o3f3x/arm64-v8a/CMakeFiles/CMakeTmp

Run Build Command(s):/home/dwitama/Documents/devel/android/Android/sdk/cmake/3.22.1/bin/ninja cmTC_cb481 && [1/2] Building C object CMakeFiles/cmTC_cb481.dir/CheckSymbolExists.c.o
[2/2] Linking C executable cmTC_cb481


File /home/dwitama/Documents/devel/c/radengan-app/exper/sdl/android-project/app/.cxx/Debug/4i2o3f3x/arm64-v8a/CMakeFiles/CMakeTmp/CheckSymbolExists.c:
/* */
#include <float.h>
#include <iconv.h>
#include <inttypes.h>
#include <limits.h>
#include <malloc.h>
#include <math.h>
#include <memory.h>
#include <signal.h>
#include <stdarg.h>
#include <stdbool.h>
#include <stddef.h>
#include <stdint.h>
#include <stdio.h>
#include <stdlib.h>
#include <string.h>
#include <strings.h>
#include <sys/types.h>
#include <time.h>
#include <wchar.h>

int main(int argc, char** argv)
{
  (void)argv;
#ifndef sqrt
  return ((int*)(&sqrt))[argc];
#else
  (void)argc;
  return 0;
#endif
}
Determining if the sqrtf exist passed with the following output:
Change Dir: /home/dwitama/Documents/devel/c/radengan-app/exper/sdl/android-project/app/.cxx/Debug/4i2o3f3x/arm64-v8a/CMakeFiles/CMakeTmp

Run Build Command(s):/home/dwitama/Documents/devel/android/Android/sdk/cmake/3.22.1/bin/ninja cmTC_2dbb7 && [1/2] Building C object CMakeFiles/cmTC_2dbb7.dir/CheckSymbolExists.c.o
[2/2] Linking C executable cmTC_2dbb7


File /home/dwitama/Documents/devel/c/radengan-app/exper/sdl/android-project/app/.cxx/Debug/4i2o3f3x/arm64-v8a/CMakeFiles/CMakeTmp/CheckSymbolExists.c:
/* */
#include <float.h>
#include <iconv.h>
#include <inttypes.h>
#include <limits.h>
#include <malloc.h>
#include <math.h>
#include <memory.h>
#include <signal.h>
#include <stdarg.h>
#include <stdbool.h>
#include <stddef.h>
#include <stdint.h>
#include <stdio.h>
#include <stdlib.h>
#include <string.h>
#include <strings.h>
#include <sys/types.h>
#include <time.h>
#include <wchar.h>

int main(int argc, char** argv)
{
  (void)argv;
#ifndef sqrtf
  return ((int*)(&sqrtf))[argc];
#else
  (void)argc;
  return 0;
#endif
}
Determining if the sscanf exist passed with the following output:
Change Dir: /home/dwitama/Documents/devel/c/radengan-app/exper/sdl/android-project/app/.cxx/Debug/4i2o3f3x/arm64-v8a/CMakeFiles/CMakeTmp

Run Build Command(s):/home/dwitama/Documents/devel/android/Android/sdk/cmake/3.22.1/bin/ninja cmTC_1d979 && [1/2] Building C object CMakeFiles/cmTC_1d979.dir/CheckSymbolExists.c.o
[2/2] Linking C executable cmTC_1d979


File /home/dwitama/Documents/devel/c/radengan-app/exper/sdl/android-project/app/.cxx/Debug/4i2o3f3x/arm64-v8a/CMakeFiles/CMakeTmp/CheckSymbolExists.c:
/* */
#include <float.h>
#include <iconv.h>
#include <inttypes.h>
#include <limits.h>
#include <malloc.h>
#include <math.h>
#include <memory.h>
#include <signal.h>
#include <stdarg.h>
#include <stdbool.h>
#include <stddef.h>
#include <stdint.h>
#include <stdio.h>
#include <stdlib.h>
#include <string.h>
#include <strings.h>
#include <sys/types.h>
#include <time.h>
#include <wchar.h>

int main(int argc, char** argv)
{
  (void)argv;
#ifndef sscanf
  return ((int*)(&sscanf))[argc];
#else
  (void)argc;
  return 0;
#endif
}
Determining if the strchr exist passed with the following output:
Change Dir: /home/dwitama/Documents/devel/c/radengan-app/exper/sdl/android-project/app/.cxx/Debug/4i2o3f3x/arm64-v8a/CMakeFiles/CMakeTmp

Run Build Command(s):/home/dwitama/Documents/devel/android/Android/sdk/cmake/3.22.1/bin/ninja cmTC_32bc7 && [1/2] Building C object CMakeFiles/cmTC_32bc7.dir/CheckSymbolExists.c.o
[2/2] Linking C executable cmTC_32bc7


File /home/dwitama/Documents/devel/c/radengan-app/exper/sdl/android-project/app/.cxx/Debug/4i2o3f3x/arm64-v8a/CMakeFiles/CMakeTmp/CheckSymbolExists.c:
/* */
#include <float.h>
#include <iconv.h>
#include <inttypes.h>
#include <limits.h>
#include <malloc.h>
#include <math.h>
#include <memory.h>
#include <signal.h>
#include <stdarg.h>
#include <stdbool.h>
#include <stddef.h>
#include <stdint.h>
#include <stdio.h>
#include <stdlib.h>
#include <string.h>
#include <strings.h>
#include <sys/types.h>
#include <time.h>
#include <wchar.h>

int main(int argc, char** argv)
{
  (void)argv;
#ifndef strchr
  return ((int*)(&strchr))[argc];
#else
  (void)argc;
  return 0;
#endif
}
Determining if the strcmp exist passed with the following output:
Change Dir: /home/dwitama/Documents/devel/c/radengan-app/exper/sdl/android-project/app/.cxx/Debug/4i2o3f3x/arm64-v8a/CMakeFiles/CMakeTmp

Run Build Command(s):/home/dwitama/Documents/devel/android/Android/sdk/cmake/3.22.1/bin/ninja cmTC_d8509 && [1/2] Building C object CMakeFiles/cmTC_d8509.dir/CheckSymbolExists.c.o
[2/2] Linking C executable cmTC_d8509


File /home/dwitama/Documents/devel/c/radengan-app/exper/sdl/android-project/app/.cxx/Debug/4i2o3f3x/arm64-v8a/CMakeFiles/CMakeTmp/CheckSymbolExists.c:
/* */
#include <float.h>
#include <iconv.h>
#include <inttypes.h>
#include <limits.h>
#include <malloc.h>
#include <math.h>
#include <memory.h>
#include <signal.h>
#include <stdarg.h>
#include <stdbool.h>
#include <stddef.h>
#include <stdint.h>
#include <stdio.h>
#include <stdlib.h>
#include <string.h>
#include <strings.h>
#include <sys/types.h>
#include <time.h>
#include <wchar.h>

int main(int argc, char** argv)
{
  (void)argv;
#ifndef strcmp
  return ((int*)(&strcmp))[argc];
#else
  (void)argc;
  return 0;
#endif
}
Determining if the strlcat exist passed with the following output:
Change Dir: /home/dwitama/Documents/devel/c/radengan-app/exper/sdl/android-project/app/.cxx/Debug/4i2o3f3x/arm64-v8a/CMakeFiles/CMakeTmp

Run Build Command(s):/home/dwitama/Documents/devel/android/Android/sdk/cmake/3.22.1/bin/ninja cmTC_0212c && [1/2] Building C object CMakeFiles/cmTC_0212c.dir/CheckSymbolExists.c.o
[2/2] Linking C executable cmTC_0212c


File /home/dwitama/Documents/devel/c/radengan-app/exper/sdl/android-project/app/.cxx/Debug/4i2o3f3x/arm64-v8a/CMakeFiles/CMakeTmp/CheckSymbolExists.c:
/* */
#include <float.h>
#include <iconv.h>
#include <inttypes.h>
#include <limits.h>
#include <malloc.h>
#include <math.h>
#include <memory.h>
#include <signal.h>
#include <stdarg.h>
#include <stdbool.h>
#include <stddef.h>
#include <stdint.h>
#include <stdio.h>
#include <stdlib.h>
#include <string.h>
#include <strings.h>
#include <sys/types.h>
#include <time.h>
#include <wchar.h>

int main(int argc, char** argv)
{
  (void)argv;
#ifndef strlcat
  return ((int*)(&strlcat))[argc];
#else
  (void)argc;
  return 0;
#endif
}
Determining if the strlcpy exist passed with the following output:
Change Dir: /home/dwitama/Documents/devel/c/radengan-app/exper/sdl/android-project/app/.cxx/Debug/4i2o3f3x/arm64-v8a/CMakeFiles/CMakeTmp

Run Build Command(s):/home/dwitama/Documents/devel/android/Android/sdk/cmake/3.22.1/bin/ninja cmTC_6909e && [1/2] Building C object CMakeFiles/cmTC_6909e.dir/CheckSymbolExists.c.o
[2/2] Linking C executable cmTC_6909e


File /home/dwitama/Documents/devel/c/radengan-app/exper/sdl/android-project/app/.cxx/Debug/4i2o3f3x/arm64-v8a/CMakeFiles/CMakeTmp/CheckSymbolExists.c:
/* */
#include <float.h>
#include <iconv.h>
#include <inttypes.h>
#include <limits.h>
#include <malloc.h>
#include <math.h>
#include <memory.h>
#include <signal.h>
#include <stdarg.h>
#include <stdbool.h>
#include <stddef.h>
#include <stdint.h>
#include <stdio.h>
#include <stdlib.h>
#include <string.h>
#include <strings.h>
#include <sys/types.h>
#include <time.h>
#include <wchar.h>

int main(int argc, char** argv)
{
  (void)argv;
#ifndef strlcpy
  return ((int*)(&strlcpy))[argc];
#else
  (void)argc;
  return 0;
#endif
}
Determining if the strlen exist passed with the following output:
Change Dir: /home/dwitama/Documents/devel/c/radengan-app/exper/sdl/android-project/app/.cxx/Debug/4i2o3f3x/arm64-v8a/CMakeFiles/CMakeTmp

Run Build Command(s):/home/dwitama/Documents/devel/android/Android/sdk/cmake/3.22.1/bin/ninja cmTC_9ce9e && [1/2] Building C object CMakeFiles/cmTC_9ce9e.dir/CheckSymbolExists.c.o
[2/2] Linking C executable cmTC_9ce9e


File /home/dwitama/Documents/devel/c/radengan-app/exper/sdl/android-project/app/.cxx/Debug/4i2o3f3x/arm64-v8a/CMakeFiles/CMakeTmp/CheckSymbolExists.c:
/* */
#include <float.h>
#include <iconv.h>
#include <inttypes.h>
#include <limits.h>
#include <malloc.h>
#include <math.h>
#include <memory.h>
#include <signal.h>
#include <stdarg.h>
#include <stdbool.h>
#include <stddef.h>
#include <stdint.h>
#include <stdio.h>
#include <stdlib.h>
#include <string.h>
#include <strings.h>
#include <sys/types.h>
#include <time.h>
#include <wchar.h>

int main(int argc, char** argv)
{
  (void)argv;
#ifndef strlen
  return ((int*)(&strlen))[argc];
#else
  (void)argc;
  return 0;
#endif
}
Determining if the strncmp exist passed with the following output:
Change Dir: /home/dwitama/Documents/devel/c/radengan-app/exper/sdl/android-project/app/.cxx/Debug/4i2o3f3x/arm64-v8a/CMakeFiles/CMakeTmp

Run Build Command(s):/home/dwitama/Documents/devel/android/Android/sdk/cmake/3.22.1/bin/ninja cmTC_7ba51 && [1/2] Building C object CMakeFiles/cmTC_7ba51.dir/CheckSymbolExists.c.o
[2/2] Linking C executable cmTC_7ba51


File /home/dwitama/Documents/devel/c/radengan-app/exper/sdl/android-project/app/.cxx/Debug/4i2o3f3x/arm64-v8a/CMakeFiles/CMakeTmp/CheckSymbolExists.c:
/* */
#include <float.h>
#include <iconv.h>
#include <inttypes.h>
#include <limits.h>
#include <malloc.h>
#include <math.h>
#include <memory.h>
#include <signal.h>
#include <stdarg.h>
#include <stdbool.h>
#include <stddef.h>
#include <stdint.h>
#include <stdio.h>
#include <stdlib.h>
#include <string.h>
#include <strings.h>
#include <sys/types.h>
#include <time.h>
#include <wchar.h>

int main(int argc, char** argv)
{
  (void)argv;
#ifndef strncmp
  return ((int*)(&strncmp))[argc];
#else
  (void)argc;
  return 0;
#endif
}
Determining if the strnlen exist passed with the following output:
Change Dir: /home/dwitama/Documents/devel/c/radengan-app/exper/sdl/android-project/app/.cxx/Debug/4i2o3f3x/arm64-v8a/CMakeFiles/CMakeTmp

Run Build Command(s):/home/dwitama/Documents/devel/android/Android/sdk/cmake/3.22.1/bin/ninja cmTC_bee31 && [1/2] Building C object CMakeFiles/cmTC_bee31.dir/CheckSymbolExists.c.o
[2/2] Linking C executable cmTC_bee31


File /home/dwitama/Documents/devel/c/radengan-app/exper/sdl/android-project/app/.cxx/Debug/4i2o3f3x/arm64-v8a/CMakeFiles/CMakeTmp/CheckSymbolExists.c:
/* */
#include <float.h>
#include <iconv.h>
#include <inttypes.h>
#include <limits.h>
#include <malloc.h>
#include <math.h>
#include <memory.h>
#include <signal.h>
#include <stdarg.h>
#include <stdbool.h>
#include <stddef.h>
#include <stdint.h>
#include <stdio.h>
#include <stdlib.h>
#include <string.h>
#include <strings.h>
#include <sys/types.h>
#include <time.h>
#include <wchar.h>

int main(int argc, char** argv)
{
  (void)argv;
#ifndef strnlen
  return ((int*)(&strnlen))[argc];
#else
  (void)argc;
  return 0;
#endif
}
Determining if the strpbrk exist passed with the following output:
Change Dir: /home/dwitama/Documents/devel/c/radengan-app/exper/sdl/android-project/app/.cxx/Debug/4i2o3f3x/arm64-v8a/CMakeFiles/CMakeTmp

Run Build Command(s):/home/dwitama/Documents/devel/android/Android/sdk/cmake/3.22.1/bin/ninja cmTC_eed7e && [1/2] Building C object CMakeFiles/cmTC_eed7e.dir/CheckSymbolExists.c.o
[2/2] Linking C executable cmTC_eed7e


File /home/dwitama/Documents/devel/c/radengan-app/exper/sdl/android-project/app/.cxx/Debug/4i2o3f3x/arm64-v8a/CMakeFiles/CMakeTmp/CheckSymbolExists.c:
/* */
#include <float.h>
#include <iconv.h>
#include <inttypes.h>
#include <limits.h>
#include <malloc.h>
#include <math.h>
#include <memory.h>
#include <signal.h>
#include <stdarg.h>
#include <stdbool.h>
#include <stddef.h>
#include <stdint.h>
#include <stdio.h>
#include <stdlib.h>
#include <string.h>
#include <strings.h>
#include <sys/types.h>
#include <time.h>
#include <wchar.h>

int main(int argc, char** argv)
{
  (void)argv;
#ifndef strpbrk
  return ((int*)(&strpbrk))[argc];
#else
  (void)argc;
  return 0;
#endif
}
Determining if the strrchr exist passed with the following output:
Change Dir: /home/dwitama/Documents/devel/c/radengan-app/exper/sdl/android-project/app/.cxx/Debug/4i2o3f3x/arm64-v8a/CMakeFiles/CMakeTmp

Run Build Command(s):/home/dwitama/Documents/devel/android/Android/sdk/cmake/3.22.1/bin/ninja cmTC_d1a01 && [1/2] Building C object CMakeFiles/cmTC_d1a01.dir/CheckSymbolExists.c.o
[2/2] Linking C executable cmTC_d1a01


File /home/dwitama/Documents/devel/c/radengan-app/exper/sdl/android-project/app/.cxx/Debug/4i2o3f3x/arm64-v8a/CMakeFiles/CMakeTmp/CheckSymbolExists.c:
/* */
#include <float.h>
#include <iconv.h>
#include <inttypes.h>
#include <limits.h>
#include <malloc.h>
#include <math.h>
#include <memory.h>
#include <signal.h>
#include <stdarg.h>
#include <stdbool.h>
#include <stddef.h>
#include <stdint.h>
#include <stdio.h>
#include <stdlib.h>
#include <string.h>
#include <strings.h>
#include <sys/types.h>
#include <time.h>
#include <wchar.h>

int main(int argc, char** argv)
{
  (void)argv;
#ifndef strrchr
  return ((int*)(&strrchr))[argc];
#else
  (void)argc;
  return 0;
#endif
}
Determining if the strstr exist passed with the following output:
Change Dir: /home/dwitama/Documents/devel/c/radengan-app/exper/sdl/android-project/app/.cxx/Debug/4i2o3f3x/arm64-v8a/CMakeFiles/CMakeTmp

Run Build Command(s):/home/dwitama/Documents/devel/android/Android/sdk/cmake/3.22.1/bin/ninja cmTC_a7321 && [1/2] Building C object CMakeFiles/cmTC_a7321.dir/CheckSymbolExists.c.o
[2/2] Linking C executable cmTC_a7321


File /home/dwitama/Documents/devel/c/radengan-app/exper/sdl/android-project/app/.cxx/Debug/4i2o3f3x/arm64-v8a/CMakeFiles/CMakeTmp/CheckSymbolExists.c:
/* */
#include <float.h>
#include <iconv.h>
#include <inttypes.h>
#include <limits.h>
#include <malloc.h>
#include <math.h>
#include <memory.h>
#include <signal.h>
#include <stdarg.h>
#include <stdbool.h>
#include <stddef.h>
#include <stdint.h>
#include <stdio.h>
#include <stdlib.h>
#include <string.h>
#include <strings.h>
#include <sys/types.h>
#include <time.h>
#include <wchar.h>

int main(int argc, char** argv)
{
  (void)argv;
#ifndef strstr
  return ((int*)(&strstr))[argc];
#else
  (void)argc;
  return 0;
#endif
}
Determining if the strtod exist passed with the following output:
Change Dir: /home/dwitama/Documents/devel/c/radengan-app/exper/sdl/android-project/app/.cxx/Debug/4i2o3f3x/arm64-v8a/CMakeFiles/CMakeTmp

Run Build Command(s):/home/dwitama/Documents/devel/android/Android/sdk/cmake/3.22.1/bin/ninja cmTC_e0e94 && [1/2] Building C object CMakeFiles/cmTC_e0e94.dir/CheckSymbolExists.c.o
[2/2] Linking C executable cmTC_e0e94


File /home/dwitama/Documents/devel/c/radengan-app/exper/sdl/android-project/app/.cxx/Debug/4i2o3f3x/arm64-v8a/CMakeFiles/CMakeTmp/CheckSymbolExists.c:
/* */
#include <float.h>
#include <iconv.h>
#include <inttypes.h>
#include <limits.h>
#include <malloc.h>
#include <math.h>
#include <memory.h>
#include <signal.h>
#include <stdarg.h>
#include <stdbool.h>
#include <stddef.h>
#include <stdint.h>
#include <stdio.h>
#include <stdlib.h>
#include <string.h>
#include <strings.h>
#include <sys/types.h>
#include <time.h>
#include <wchar.h>

int main(int argc, char** argv)
{
  (void)argv;
#ifndef strtod
  return ((int*)(&strtod))[argc];
#else
  (void)argc;
  return 0;
#endif
}
Determining if the strtok_r exist passed with the following output:
Change Dir: /home/dwitama/Documents/devel/c/radengan-app/exper/sdl/android-project/app/.cxx/Debug/4i2o3f3x/arm64-v8a/CMakeFiles/CMakeTmp

Run Build Command(s):/home/dwitama/Documents/devel/android/Android/sdk/cmake/3.22.1/bin/ninja cmTC_00489 && [1/2] Building C object CMakeFiles/cmTC_00489.dir/CheckSymbolExists.c.o
[2/2] Linking C executable cmTC_00489


File /home/dwitama/Documents/devel/c/radengan-app/exper/sdl/android-project/app/.cxx/Debug/4i2o3f3x/arm64-v8a/CMakeFiles/CMakeTmp/CheckSymbolExists.c:
/* */
#include <float.h>
#include <iconv.h>
#include <inttypes.h>
#include <limits.h>
#include <malloc.h>
#include <math.h>
#include <memory.h>
#include <signal.h>
#include <stdarg.h>
#include <stdbool.h>
#include <stddef.h>
#include <stdint.h>
#include <stdio.h>
#include <stdlib.h>
#include <string.h>
#include <strings.h>
#include <sys/types.h>
#include <time.h>
#include <wchar.h>

int main(int argc, char** argv)
{
  (void)argv;
#ifndef strtok_r
  return ((int*)(&strtok_r))[argc];
#else
  (void)argc;
  return 0;
#endif
}
Determining if the strtol exist passed with the following output:
Change Dir: /home/dwitama/Documents/devel/c/radengan-app/exper/sdl/android-project/app/.cxx/Debug/4i2o3f3x/arm64-v8a/CMakeFiles/CMakeTmp

Run Build Command(s):/home/dwitama/Documents/devel/android/Android/sdk/cmake/3.22.1/bin/ninja cmTC_dd12f && [1/2] Building C object CMakeFiles/cmTC_dd12f.dir/CheckSymbolExists.c.o
[2/2] Linking C executable cmTC_dd12f


File /home/dwitama/Documents/devel/c/radengan-app/exper/sdl/android-project/app/.cxx/Debug/4i2o3f3x/arm64-v8a/CMakeFiles/CMakeTmp/CheckSymbolExists.c:
/* */
#include <float.h>
#include <iconv.h>
#include <inttypes.h>
#include <limits.h>
#include <malloc.h>
#include <math.h>
#include <memory.h>
#include <signal.h>
#include <stdarg.h>
#include <stdbool.h>
#include <stddef.h>
#include <stdint.h>
#include <stdio.h>
#include <stdlib.h>
#include <string.h>
#include <strings.h>
#include <sys/types.h>
#include <time.h>
#include <wchar.h>

int main(int argc, char** argv)
{
  (void)argv;
#ifndef strtol
  return ((int*)(&strtol))[argc];
#else
  (void)argc;
  return 0;
#endif
}
Determining if the strtoll exist passed with the following output:
Change Dir: /home/dwitama/Documents/devel/c/radengan-app/exper/sdl/android-project/app/.cxx/Debug/4i2o3f3x/arm64-v8a/CMakeFiles/CMakeTmp

Run Build Command(s):/home/dwitama/Documents/devel/android/Android/sdk/cmake/3.22.1/bin/ninja cmTC_479ab && [1/2] Building C object CMakeFiles/cmTC_479ab.dir/CheckSymbolExists.c.o
[2/2] Linking C executable cmTC_479ab


File /home/dwitama/Documents/devel/c/radengan-app/exper/sdl/android-project/app/.cxx/Debug/4i2o3f3x/arm64-v8a/CMakeFiles/CMakeTmp/CheckSymbolExists.c:
/* */
#include <float.h>
#include <iconv.h>
#include <inttypes.h>
#include <limits.h>
#include <malloc.h>
#include <math.h>
#include <memory.h>
#include <signal.h>
#include <stdarg.h>
#include <stdbool.h>
#include <stddef.h>
#include <stdint.h>
#include <stdio.h>
#include <stdlib.h>
#include <string.h>
#include <strings.h>
#include <sys/types.h>
#include <time.h>
#include <wchar.h>

int main(int argc, char** argv)
{
  (void)argv;
#ifndef strtoll
  return ((int*)(&strtoll))[argc];
#else
  (void)argc;
  return 0;
#endif
}
Determining if the strtoul exist passed with the following output:
Change Dir: /home/dwitama/Documents/devel/c/radengan-app/exper/sdl/android-project/app/.cxx/Debug/4i2o3f3x/arm64-v8a/CMakeFiles/CMakeTmp

Run Build Command(s):/home/dwitama/Documents/devel/android/Android/sdk/cmake/3.22.1/bin/ninja cmTC_89299 && [1/2] Building C object CMakeFiles/cmTC_89299.dir/CheckSymbolExists.c.o
[2/2] Linking C executable cmTC_89299


File /home/dwitama/Documents/devel/c/radengan-app/exper/sdl/android-project/app/.cxx/Debug/4i2o3f3x/arm64-v8a/CMakeFiles/CMakeTmp/CheckSymbolExists.c:
/* */
#include <float.h>
#include <iconv.h>
#include <inttypes.h>
#include <limits.h>
#include <malloc.h>
#include <math.h>
#include <memory.h>
#include <signal.h>
#include <stdarg.h>
#include <stdbool.h>
#include <stddef.h>
#include <stdint.h>
#include <stdio.h>
#include <stdlib.h>
#include <string.h>
#include <strings.h>
#include <sys/types.h>
#include <time.h>
#include <wchar.h>

int main(int argc, char** argv)
{
  (void)argv;
#ifndef strtoul
  return ((int*)(&strtoul))[argc];
#else
  (void)argc;
  return 0;
#endif
}
Determining if the strtoull exist passed with the following output:
Change Dir: /home/dwitama/Documents/devel/c/radengan-app/exper/sdl/android-project/app/.cxx/Debug/4i2o3f3x/arm64-v8a/CMakeFiles/CMakeTmp

Run Build Command(s):/home/dwitama/Documents/devel/android/Android/sdk/cmake/3.22.1/bin/ninja cmTC_fc15e && [1/2] Building C object CMakeFiles/cmTC_fc15e.dir/CheckSymbolExists.c.o
[2/2] Linking C executable cmTC_fc15e


File /home/dwitama/Documents/devel/c/radengan-app/exper/sdl/android-project/app/.cxx/Debug/4i2o3f3x/arm64-v8a/CMakeFiles/CMakeTmp/CheckSymbolExists.c:
/* */
#include <float.h>
#include <iconv.h>
#include <inttypes.h>
#include <limits.h>
#include <malloc.h>
#include <math.h>
#include <memory.h>
#include <signal.h>
#include <stdarg.h>
#include <stdbool.h>
#include <stddef.h>
#include <stdint.h>
#include <stdio.h>
#include <stdlib.h>
#include <string.h>
#include <strings.h>
#include <sys/types.h>
#include <time.h>
#include <wchar.h>

int main(int argc, char** argv)
{
  (void)argv;
#ifndef strtoull
  return ((int*)(&strtoull))[argc];
#else
  (void)argc;
  return 0;
#endif
}
Determining if the tan exist passed with the following output:
Change Dir: /home/dwitama/Documents/devel/c/radengan-app/exper/sdl/android-project/app/.cxx/Debug/4i2o3f3x/arm64-v8a/CMakeFiles/CMakeTmp

Run Build Command(s):/home/dwitama/Documents/devel/android/Android/sdk/cmake/3.22.1/bin/ninja cmTC_932f0 && [1/2] Building C object CMakeFiles/cmTC_932f0.dir/CheckSymbolExists.c.o
[2/2] Linking C executable cmTC_932f0


File /home/dwitama/Documents/devel/c/radengan-app/exper/sdl/android-project/app/.cxx/Debug/4i2o3f3x/arm64-v8a/CMakeFiles/CMakeTmp/CheckSymbolExists.c:
/* */
#include <float.h>
#include <iconv.h>
#include <inttypes.h>
#include <limits.h>
#include <malloc.h>
#include <math.h>
#include <memory.h>
#include <signal.h>
#include <stdarg.h>
#include <stdbool.h>
#include <stddef.h>
#include <stdint.h>
#include <stdio.h>
#include <stdlib.h>
#include <string.h>
#include <strings.h>
#include <sys/types.h>
#include <time.h>
#include <wchar.h>

int main(int argc, char** argv)
{
  (void)argv;
#ifndef tan
  return ((int*)(&tan))[argc];
#else
  (void)argc;
  return 0;
#endif
}
Determining if the tanf exist passed with the following output:
Change Dir: /home/dwitama/Documents/devel/c/radengan-app/exper/sdl/android-project/app/.cxx/Debug/4i2o3f3x/arm64-v8a/CMakeFiles/CMakeTmp

Run Build Command(s):/home/dwitama/Documents/devel/android/Android/sdk/cmake/3.22.1/bin/ninja cmTC_11f6a && [1/2] Building C object CMakeFiles/cmTC_11f6a.dir/CheckSymbolExists.c.o
[2/2] Linking C executable cmTC_11f6a


File /home/dwitama/Documents/devel/c/radengan-app/exper/sdl/android-project/app/.cxx/Debug/4i2o3f3x/arm64-v8a/CMakeFiles/CMakeTmp/CheckSymbolExists.c:
/* */
#include <float.h>
#include <iconv.h>
#include <inttypes.h>
#include <limits.h>
#include <malloc.h>
#include <math.h>
#include <memory.h>
#include <signal.h>
#include <stdarg.h>
#include <stdbool.h>
#include <stddef.h>
#include <stdint.h>
#include <stdio.h>
#include <stdlib.h>
#include <string.h>
#include <strings.h>
#include <sys/types.h>
#include <time.h>
#include <wchar.h>

int main(int argc, char** argv)
{
  (void)argv;
#ifndef tanf
  return ((int*)(&tanf))[argc];
#else
  (void)argc;
  return 0;
#endif
}
Determining if the trunc exist passed with the following output:
Change Dir: /home/dwitama/Documents/devel/c/radengan-app/exper/sdl/android-project/app/.cxx/Debug/4i2o3f3x/arm64-v8a/CMakeFiles/CMakeTmp

Run Build Command(s):/home/dwitama/Documents/devel/android/Android/sdk/cmake/3.22.1/bin/ninja cmTC_af688 && [1/2] Building C object CMakeFiles/cmTC_af688.dir/CheckSymbolExists.c.o
[2/2] Linking C executable cmTC_af688


File /home/dwitama/Documents/devel/c/radengan-app/exper/sdl/android-project/app/.cxx/Debug/4i2o3f3x/arm64-v8a/CMakeFiles/CMakeTmp/CheckSymbolExists.c:
/* */
#include <float.h>
#include <iconv.h>
#include <inttypes.h>
#include <limits.h>
#include <malloc.h>
#include <math.h>
#include <memory.h>
#include <signal.h>
#include <stdarg.h>
#include <stdbool.h>
#include <stddef.h>
#include <stdint.h>
#include <stdio.h>
#include <stdlib.h>
#include <string.h>
#include <strings.h>
#include <sys/types.h>
#include <time.h>
#include <wchar.h>

int main(int argc, char** argv)
{
  (void)argv;
#ifndef trunc
  return ((int*)(&trunc))[argc];
#else
  (void)argc;
  return 0;
#endif
}
Determining if the truncf exist passed with the following output:
Change Dir: /home/dwitama/Documents/devel/c/radengan-app/exper/sdl/android-project/app/.cxx/Debug/4i2o3f3x/arm64-v8a/CMakeFiles/CMakeTmp

Run Build Command(s):/home/dwitama/Documents/devel/android/Android/sdk/cmake/3.22.1/bin/ninja cmTC_3372c && [1/2] Building C object CMakeFiles/cmTC_3372c.dir/CheckSymbolExists.c.o
[2/2] Linking C executable cmTC_3372c


File /home/dwitama/Documents/devel/c/radengan-app/exper/sdl/android-project/app/.cxx/Debug/4i2o3f3x/arm64-v8a/CMakeFiles/CMakeTmp/CheckSymbolExists.c:
/* */
#include <float.h>
#include <iconv.h>
#include <inttypes.h>
#include <limits.h>
#include <malloc.h>
#include <math.h>
#include <memory.h>
#include <signal.h>
#include <stdarg.h>
#include <stdbool.h>
#include <stddef.h>
#include <stdint.h>
#include <stdio.h>
#include <stdlib.h>
#include <string.h>
#include <strings.h>
#include <sys/types.h>
#include <time.h>
#include <wchar.h>

int main(int argc, char** argv)
{
  (void)argv;
#ifndef truncf
  return ((int*)(&truncf))[argc];
#else
  (void)argc;
  return 0;
#endif
}
Determining if the unsetenv exist passed with the following output:
Change Dir: /home/dwitama/Documents/devel/c/radengan-app/exper/sdl/android-project/app/.cxx/Debug/4i2o3f3x/arm64-v8a/CMakeFiles/CMakeTmp

Run Build Command(s):/home/dwitama/Documents/devel/android/Android/sdk/cmake/3.22.1/bin/ninja cmTC_c2174 && [1/2] Building C object CMakeFiles/cmTC_c2174.dir/CheckSymbolExists.c.o
[2/2] Linking C executable cmTC_c2174


File /home/dwitama/Documents/devel/c/radengan-app/exper/sdl/android-project/app/.cxx/Debug/4i2o3f3x/arm64-v8a/CMakeFiles/CMakeTmp/CheckSymbolExists.c:
/* */
#include <float.h>
#include <iconv.h>
#include <inttypes.h>
#include <limits.h>
#include <malloc.h>
#include <math.h>
#include <memory.h>
#include <signal.h>
#include <stdarg.h>
#include <stdbool.h>
#include <stddef.h>
#include <stdint.h>
#include <stdio.h>
#include <stdlib.h>
#include <string.h>
#include <strings.h>
#include <sys/types.h>
#include <time.h>
#include <wchar.h>

int main(int argc, char** argv)
{
  (void)argv;
#ifndef unsetenv
  return ((int*)(&unsetenv))[argc];
#else
  (void)argc;
  return 0;
#endif
}
Determining if the vsnprintf exist passed with the following output:
Change Dir: /home/dwitama/Documents/devel/c/radengan-app/exper/sdl/android-project/app/.cxx/Debug/4i2o3f3x/arm64-v8a/CMakeFiles/CMakeTmp

Run Build Command(s):/home/dwitama/Documents/devel/android/Android/sdk/cmake/3.22.1/bin/ninja cmTC_20964 && [1/2] Building C object CMakeFiles/cmTC_20964.dir/CheckSymbolExists.c.o
[2/2] Linking C executable cmTC_20964


File /home/dwitama/Documents/devel/c/radengan-app/exper/sdl/android-project/app/.cxx/Debug/4i2o3f3x/arm64-v8a/CMakeFiles/CMakeTmp/CheckSymbolExists.c:
/* */
#include <float.h>
#include <iconv.h>
#include <inttypes.h>
#include <limits.h>
#include <malloc.h>
#include <math.h>
#include <memory.h>
#include <signal.h>
#include <stdarg.h>
#include <stdbool.h>
#include <stddef.h>
#include <stdint.h>
#include <stdio.h>
#include <stdlib.h>
#include <string.h>
#include <strings.h>
#include <sys/types.h>
#include <time.h>
#include <wchar.h>

int main(int argc, char** argv)
{
  (void)argv;
#ifndef vsnprintf
  return ((int*)(&vsnprintf))[argc];
#else
  (void)argc;
  return 0;
#endif
}
Determining if the vsscanf exist passed with the following output:
Change Dir: /home/dwitama/Documents/devel/c/radengan-app/exper/sdl/android-project/app/.cxx/Debug/4i2o3f3x/arm64-v8a/CMakeFiles/CMakeTmp

Run Build Command(s):/home/dwitama/Documents/devel/android/Android/sdk/cmake/3.22.1/bin/ninja cmTC_a4930 && [1/2] Building C object CMakeFiles/cmTC_a4930.dir/CheckSymbolExists.c.o
[2/2] Linking C executable cmTC_a4930


File /home/dwitama/Documents/devel/c/radengan-app/exper/sdl/android-project/app/.cxx/Debug/4i2o3f3x/arm64-v8a/CMakeFiles/CMakeTmp/CheckSymbolExists.c:
/* */
#include <float.h>
#include <iconv.h>
#include <inttypes.h>
#include <limits.h>
#include <malloc.h>
#include <math.h>
#include <memory.h>
#include <signal.h>
#include <stdarg.h>
#include <stdbool.h>
#include <stddef.h>
#include <stdint.h>
#include <stdio.h>
#include <stdlib.h>
#include <string.h>
#include <strings.h>
#include <sys/types.h>
#include <time.h>
#include <wchar.h>

int main(int argc, char** argv)
{
  (void)argv;
#ifndef vsscanf
  return ((int*)(&vsscanf))[argc];
#else
  (void)argc;
  return 0;
#endif
}
Determining if the wcsnlen exist passed with the following output:
Change Dir: /home/dwitama/Documents/devel/c/radengan-app/exper/sdl/android-project/app/.cxx/Debug/4i2o3f3x/arm64-v8a/CMakeFiles/CMakeTmp

Run Build Command(s):/home/dwitama/Documents/devel/android/Android/sdk/cmake/3.22.1/bin/ninja cmTC_753c8 && [1/2] Building C object CMakeFiles/cmTC_753c8.dir/CheckSymbolExists.c.o
[2/2] Linking C executable cmTC_753c8


File /home/dwitama/Documents/devel/c/radengan-app/exper/sdl/android-project/app/.cxx/Debug/4i2o3f3x/arm64-v8a/CMakeFiles/CMakeTmp/CheckSymbolExists.c:
/* */
#include <float.h>
#include <iconv.h>
#include <inttypes.h>
#include <limits.h>
#include <malloc.h>
#include <math.h>
#include <memory.h>
#include <signal.h>
#include <stdarg.h>
#include <stdbool.h>
#include <stddef.h>
#include <stdint.h>
#include <stdio.h>
#include <stdlib.h>
#include <string.h>
#include <strings.h>
#include <sys/types.h>
#include <time.h>
#include <wchar.h>

int main(int argc, char** argv)
{
  (void)argv;
#ifndef wcsnlen
  return ((int*)(&wcsnlen))[argc];
#else
  (void)argc;
  return 0;
#endif
}
Determining if the wcscmp exist passed with the following output:
Change Dir: /home/dwitama/Documents/devel/c/radengan-app/exper/sdl/android-project/app/.cxx/Debug/4i2o3f3x/arm64-v8a/CMakeFiles/CMakeTmp

Run Build Command(s):/home/dwitama/Documents/devel/android/Android/sdk/cmake/3.22.1/bin/ninja cmTC_cff07 && [1/2] Building C object CMakeFiles/cmTC_cff07.dir/CheckSymbolExists.c.o
[2/2] Linking C executable cmTC_cff07


File /home/dwitama/Documents/devel/c/radengan-app/exper/sdl/android-project/app/.cxx/Debug/4i2o3f3x/arm64-v8a/CMakeFiles/CMakeTmp/CheckSymbolExists.c:
/* */
#include <float.h>
#include <iconv.h>
#include <inttypes.h>
#include <limits.h>
#include <malloc.h>
#include <math.h>
#include <memory.h>
#include <signal.h>
#include <stdarg.h>
#include <stdbool.h>
#include <stddef.h>
#include <stdint.h>
#include <stdio.h>
#include <stdlib.h>
#include <string.h>
#include <strings.h>
#include <sys/types.h>
#include <time.h>
#include <wchar.h>

int main(int argc, char** argv)
{
  (void)argv;
#ifndef wcscmp
  return ((int*)(&wcscmp))[argc];
#else
  (void)argc;
  return 0;
#endif
}
Determining if the wcsdup exist passed with the following output:
Change Dir: /home/dwitama/Documents/devel/c/radengan-app/exper/sdl/android-project/app/.cxx/Debug/4i2o3f3x/arm64-v8a/CMakeFiles/CMakeTmp

Run Build Command(s):/home/dwitama/Documents/devel/android/Android/sdk/cmake/3.22.1/bin/ninja cmTC_fca33 && [1/2] Building C object CMakeFiles/cmTC_fca33.dir/CheckSymbolExists.c.o
[2/2] Linking C executable cmTC_fca33


File /home/dwitama/Documents/devel/c/radengan-app/exper/sdl/android-project/app/.cxx/Debug/4i2o3f3x/arm64-v8a/CMakeFiles/CMakeTmp/CheckSymbolExists.c:
/* */
#include <float.h>
#include <iconv.h>
#include <inttypes.h>
#include <limits.h>
#include <malloc.h>
#include <math.h>
#include <memory.h>
#include <signal.h>
#include <stdarg.h>
#include <stdbool.h>
#include <stddef.h>
#include <stdint.h>
#include <stdio.h>
#include <stdlib.h>
#include <string.h>
#include <strings.h>
#include <sys/types.h>
#include <time.h>
#include <wchar.h>

int main(int argc, char** argv)
{
  (void)argv;
#ifndef wcsdup
  return ((int*)(&wcsdup))[argc];
#else
  (void)argc;
  return 0;
#endif
}
Determining if the wcslcat exist passed with the following output:
Change Dir: /home/dwitama/Documents/devel/c/radengan-app/exper/sdl/android-project/app/.cxx/Debug/4i2o3f3x/arm64-v8a/CMakeFiles/CMakeTmp

Run Build Command(s):/home/dwitama/Documents/devel/android/Android/sdk/cmake/3.22.1/bin/ninja cmTC_b8473 && [1/2] Building C object CMakeFiles/cmTC_b8473.dir/CheckSymbolExists.c.o
[2/2] Linking C executable cmTC_b8473


File /home/dwitama/Documents/devel/c/radengan-app/exper/sdl/android-project/app/.cxx/Debug/4i2o3f3x/arm64-v8a/CMakeFiles/CMakeTmp/CheckSymbolExists.c:
/* */
#include <float.h>
#include <iconv.h>
#include <inttypes.h>
#include <limits.h>
#include <malloc.h>
#include <math.h>
#include <memory.h>
#include <signal.h>
#include <stdarg.h>
#include <stdbool.h>
#include <stddef.h>
#include <stdint.h>
#include <stdio.h>
#include <stdlib.h>
#include <string.h>
#include <strings.h>
#include <sys/types.h>
#include <time.h>
#include <wchar.h>

int main(int argc, char** argv)
{
  (void)argv;
#ifndef wcslcat
  return ((int*)(&wcslcat))[argc];
#else
  (void)argc;
  return 0;
#endif
}
Determining if the wcslcpy exist passed with the following output:
Change Dir: /home/dwitama/Documents/devel/c/radengan-app/exper/sdl/android-project/app/.cxx/Debug/4i2o3f3x/arm64-v8a/CMakeFiles/CMakeTmp

Run Build Command(s):/home/dwitama/Documents/devel/android/Android/sdk/cmake/3.22.1/bin/ninja cmTC_29100 && [1/2] Building C object CMakeFiles/cmTC_29100.dir/CheckSymbolExists.c.o
[2/2] Linking C executable cmTC_29100


File /home/dwitama/Documents/devel/c/radengan-app/exper/sdl/android-project/app/.cxx/Debug/4i2o3f3x/arm64-v8a/CMakeFiles/CMakeTmp/CheckSymbolExists.c:
/* */
#include <float.h>
#include <iconv.h>
#include <inttypes.h>
#include <limits.h>
#include <malloc.h>
#include <math.h>
#include <memory.h>
#include <signal.h>
#include <stdarg.h>
#include <stdbool.h>
#include <stddef.h>
#include <stdint.h>
#include <stdio.h>
#include <stdlib.h>
#include <string.h>
#include <strings.h>
#include <sys/types.h>
#include <time.h>
#include <wchar.h>

int main(int argc, char** argv)
{
  (void)argv;
#ifndef wcslcpy
  return ((int*)(&wcslcpy))[argc];
#else
  (void)argc;
  return 0;
#endif
}
Determining if the wcslen exist passed with the following output:
Change Dir: /home/dwitama/Documents/devel/c/radengan-app/exper/sdl/android-project/app/.cxx/Debug/4i2o3f3x/arm64-v8a/CMakeFiles/CMakeTmp

Run Build Command(s):/home/dwitama/Documents/devel/android/Android/sdk/cmake/3.22.1/bin/ninja cmTC_70958 && [1/2] Building C object CMakeFiles/cmTC_70958.dir/CheckSymbolExists.c.o
[2/2] Linking C executable cmTC_70958


File /home/dwitama/Documents/devel/c/radengan-app/exper/sdl/android-project/app/.cxx/Debug/4i2o3f3x/arm64-v8a/CMakeFiles/CMakeTmp/CheckSymbolExists.c:
/* */
#include <float.h>
#include <iconv.h>
#include <inttypes.h>
#include <limits.h>
#include <malloc.h>
#include <math.h>
#include <memory.h>
#include <signal.h>
#include <stdarg.h>
#include <stdbool.h>
#include <stddef.h>
#include <stdint.h>
#include <stdio.h>
#include <stdlib.h>
#include <string.h>
#include <strings.h>
#include <sys/types.h>
#include <time.h>
#include <wchar.h>

int main(int argc, char** argv)
{
  (void)argv;
#ifndef wcslen
  return ((int*)(&wcslen))[argc];
#else
  (void)argc;
  return 0;
#endif
}
Determining if the wcsncmp exist passed with the following output:
Change Dir: /home/dwitama/Documents/devel/c/radengan-app/exper/sdl/android-project/app/.cxx/Debug/4i2o3f3x/arm64-v8a/CMakeFiles/CMakeTmp

Run Build Command(s):/home/dwitama/Documents/devel/android/Android/sdk/cmake/3.22.1/bin/ninja cmTC_5d8ae && [1/2] Building C object CMakeFiles/cmTC_5d8ae.dir/CheckSymbolExists.c.o
[2/2] Linking C executable cmTC_5d8ae


File /home/dwitama/Documents/devel/c/radengan-app/exper/sdl/android-project/app/.cxx/Debug/4i2o3f3x/arm64-v8a/CMakeFiles/CMakeTmp/CheckSymbolExists.c:
/* */
#include <float.h>
#include <iconv.h>
#include <inttypes.h>
#include <limits.h>
#include <malloc.h>
#include <math.h>
#include <memory.h>
#include <signal.h>
#include <stdarg.h>
#include <stdbool.h>
#include <stddef.h>
#include <stdint.h>
#include <stdio.h>
#include <stdlib.h>
#include <string.h>
#include <strings.h>
#include <sys/types.h>
#include <time.h>
#include <wchar.h>

int main(int argc, char** argv)
{
  (void)argv;
#ifndef wcsncmp
  return ((int*)(&wcsncmp))[argc];
#else
  (void)argc;
  return 0;
#endif
}
Determining if the wcsstr exist passed with the following output:
Change Dir: /home/dwitama/Documents/devel/c/radengan-app/exper/sdl/android-project/app/.cxx/Debug/4i2o3f3x/arm64-v8a/CMakeFiles/CMakeTmp

Run Build Command(s):/home/dwitama/Documents/devel/android/Android/sdk/cmake/3.22.1/bin/ninja cmTC_c2caf && [1/2] Building C object CMakeFiles/cmTC_c2caf.dir/CheckSymbolExists.c.o
[2/2] Linking C executable cmTC_c2caf


File /home/dwitama/Documents/devel/c/radengan-app/exper/sdl/android-project/app/.cxx/Debug/4i2o3f3x/arm64-v8a/CMakeFiles/CMakeTmp/CheckSymbolExists.c:
/* */
#include <float.h>
#include <iconv.h>
#include <inttypes.h>
#include <limits.h>
#include <malloc.h>
#include <math.h>
#include <memory.h>
#include <signal.h>
#include <stdarg.h>
#include <stdbool.h>
#include <stddef.h>
#include <stdint.h>
#include <stdio.h>
#include <stdlib.h>
#include <string.h>
#include <strings.h>
#include <sys/types.h>
#include <time.h>
#include <wchar.h>

int main(int argc, char** argv)
{
  (void)argv;
#ifndef wcsstr
  return ((int*)(&wcsstr))[argc];
#else
  (void)argc;
  return 0;
#endif
}
Determining if the wcstol exist passed with the following output:
Change Dir: /home/dwitama/Documents/devel/c/radengan-app/exper/sdl/android-project/app/.cxx/Debug/4i2o3f3x/arm64-v8a/CMakeFiles/CMakeTmp

Run Build Command(s):/home/dwitama/Documents/devel/android/Android/sdk/cmake/3.22.1/bin/ninja cmTC_6b309 && [1/2] Building C object CMakeFiles/cmTC_6b309.dir/CheckSymbolExists.c.o
[2/2] Linking C executable cmTC_6b309


File /home/dwitama/Documents/devel/c/radengan-app/exper/sdl/android-project/app/.cxx/Debug/4i2o3f3x/arm64-v8a/CMakeFiles/CMakeTmp/CheckSymbolExists.c:
/* */
#include <float.h>
#include <iconv.h>
#include <inttypes.h>
#include <limits.h>
#include <malloc.h>
#include <math.h>
#include <memory.h>
#include <signal.h>
#include <stdarg.h>
#include <stdbool.h>
#include <stddef.h>
#include <stdint.h>
#include <stdio.h>
#include <stdlib.h>
#include <string.h>
#include <strings.h>
#include <sys/types.h>
#include <time.h>
#include <wchar.h>

int main(int argc, char** argv)
{
  (void)argv;
#ifndef wcstol
  return ((int*)(&wcstol))[argc];
#else
  (void)argc;
  return 0;
#endif
}
Determining if the strcasestr exist passed with the following output:
Change Dir: /home/dwitama/Documents/devel/c/radengan-app/exper/sdl/android-project/app/.cxx/Debug/4i2o3f3x/arm64-v8a/CMakeFiles/CMakeTmp

Run Build Command(s):/home/dwitama/Documents/devel/android/Android/sdk/cmake/3.22.1/bin/ninja cmTC_4dac8 && [1/2] Building C object CMakeFiles/cmTC_4dac8.dir/CheckSymbolExists.c.o
[2/2] Linking C executable cmTC_4dac8


File /home/dwitama/Documents/devel/c/radengan-app/exper/sdl/android-project/app/.cxx/Debug/4i2o3f3x/arm64-v8a/CMakeFiles/CMakeTmp/CheckSymbolExists.c:
/* */
#include <float.h>
#include <iconv.h>
#include <inttypes.h>
#include <limits.h>
#include <malloc.h>
#include <math.h>
#include <memory.h>
#include <signal.h>
#include <stdarg.h>
#include <stdbool.h>
#include <stddef.h>
#include <stdint.h>
#include <stdio.h>
#include <stdlib.h>
#include <string.h>
#include <strings.h>
#include <sys/types.h>
#include <time.h>
#include <wchar.h>

int main(int argc, char** argv)
{
  (void)argv;
#ifndef strcasestr
  return ((int*)(&strcasestr))[argc];
#else
  (void)argc;
  return 0;
#endif
}
Performing C SOURCE FILE Test LIBC_HAS_ISINF succeeded with the following output:
Change Dir: /home/dwitama/Documents/devel/c/radengan-app/exper/sdl/android-project/app/.cxx/Debug/4i2o3f3x/arm64-v8a/CMakeFiles/CMakeTmp

Run Build Command(s):/home/dwitama/Documents/devel/android/Android/sdk/cmake/3.22.1/bin/ninja cmTC_97af0 && [1/2] Building C object CMakeFiles/cmTC_97af0.dir/src.c.o
[2/2] Linking C executable cmTC_97af0


Source file was:

        #include <math.h>
        int main() {
          double d = 3.14159;
          return isinf(d);
        }
      
Performing C SOURCE FILE Test LIBC_ISINF_HANDLES_FLOAT succeeded with the following output:
Change Dir: /home/dwitama/Documents/devel/c/radengan-app/exper/sdl/android-project/app/.cxx/Debug/4i2o3f3x/arm64-v8a/CMakeFiles/CMakeTmp

Run Build Command(s):/home/dwitama/Documents/devel/android/Android/sdk/cmake/3.22.1/bin/ninja cmTC_62e39 && [1/2] Building C object CMakeFiles/cmTC_62e39.dir/src.c.o
[2/2] Linking C executable cmTC_62e39


Source file was:

      #include <math.h>
      int main() {
        float f = 3.14159f;
        return isinf(f);
      }
    
Performing C SOURCE FILE Test LIBC_HAS_ISINFF succeeded with the following output:
Change Dir: /home/dwitama/Documents/devel/c/radengan-app/exper/sdl/android-project/app/.cxx/Debug/4i2o3f3x/arm64-v8a/CMakeFiles/CMakeTmp

Run Build Command(s):/home/dwitama/Documents/devel/android/Android/sdk/cmake/3.22.1/bin/ninja cmTC_69e77 && [1/2] Building C object CMakeFiles/cmTC_69e77.dir/src.c.o
[2/2] Linking C executable cmTC_69e77


Source file was:

      #include <math.h>
      int main() {
        float f = 3.14159f;
        return isinff(f);
      }
    
Performing C SOURCE FILE Test LIBC_HAS_ISNAN succeeded with the following output:
Change Dir: /home/dwitama/Documents/devel/c/radengan-app/exper/sdl/android-project/app/.cxx/Debug/4i2o3f3x/arm64-v8a/CMakeFiles/CMakeTmp

Run Build Command(s):/home/dwitama/Documents/devel/android/Android/sdk/cmake/3.22.1/bin/ninja cmTC_d2c7c && [1/2] Building C object CMakeFiles/cmTC_d2c7c.dir/src.c.o
[2/2] Linking C executable cmTC_d2c7c


Source file was:

        #include <math.h>
        int main() {
          double d = 3.14159;
          return isnan(d);
        }
      
Performing C SOURCE FILE Test LIBC_ISNAN_HANDLES_FLOAT succeeded with the following output:
Change Dir: /home/dwitama/Documents/devel/c/radengan-app/exper/sdl/android-project/app/.cxx/Debug/4i2o3f3x/arm64-v8a/CMakeFiles/CMakeTmp

Run Build Command(s):/home/dwitama/Documents/devel/android/Android/sdk/cmake/3.22.1/bin/ninja cmTC_3ab51 && [1/2] Building C object CMakeFiles/cmTC_3ab51.dir/src.c.o
[2/2] Linking C executable cmTC_3ab51


Source file was:

      #include <math.h>
      int main() {
        float f = 3.14159f;
        return isnan(f);
      }
    
Performing C SOURCE FILE Test LIBC_HAS_ISNANF succeeded with the following output:
Change Dir: /home/dwitama/Documents/devel/c/radengan-app/exper/sdl/android-project/app/.cxx/Debug/4i2o3f3x/arm64-v8a/CMakeFiles/CMakeTmp

Run Build Command(s):/home/dwitama/Documents/devel/android/Android/sdk/cmake/3.22.1/bin/ninja cmTC_25fdb && [1/2] Building C object CMakeFiles/cmTC_25fdb.dir/src.c.o
[2/2] Linking C executable cmTC_25fdb


Source file was:

      #include <math.h>
      int main() {
        float f = 3.14159f;
        return isnanf(f);
      }
    
Determining if the fdatasync exist passed with the following output:
Change Dir: /home/dwitama/Documents/devel/c/radengan-app/exper/sdl/android-project/app/.cxx/Debug/4i2o3f3x/arm64-v8a/CMakeFiles/CMakeTmp

Run Build Command(s):/home/dwitama/Documents/devel/android/Android/sdk/cmake/3.22.1/bin/ninja cmTC_31c4f && [1/2] Building C object CMakeFiles/cmTC_31c4f.dir/CheckSymbolExists.c.o
[2/2] Linking C executable cmTC_31c4f


File /home/dwitama/Documents/devel/c/radengan-app/exper/sdl/android-project/app/.cxx/Debug/4i2o3f3x/arm64-v8a/CMakeFiles/CMakeTmp/CheckSymbolExists.c:
/* */
#include <unistd.h>

int main(int argc, char** argv)
{
  (void)argv;
#ifndef fdatasync
  return ((int*)(&fdatasync))[argc];
#else
  (void)argc;
  return 0;
#endif
}
Determining if the gethostname exist passed with the following output:
Change Dir: /home/dwitama/Documents/devel/c/radengan-app/exper/sdl/android-project/app/.cxx/Debug/4i2o3f3x/arm64-v8a/CMakeFiles/CMakeTmp

Run Build Command(s):/home/dwitama/Documents/devel/android/Android/sdk/cmake/3.22.1/bin/ninja cmTC_ac138 && [1/2] Building C object CMakeFiles/cmTC_ac138.dir/CheckSymbolExists.c.o
[2/2] Linking C executable cmTC_ac138


File /home/dwitama/Documents/devel/c/radengan-app/exper/sdl/android-project/app/.cxx/Debug/4i2o3f3x/arm64-v8a/CMakeFiles/CMakeTmp/CheckSymbolExists.c:
/* */
#include <unistd.h>

int main(int argc, char** argv)
{
  (void)argv;
#ifndef gethostname
  return ((int*)(&gethostname))[argc];
#else
  (void)argc;
  return 0;
#endif
}
Determining if the getpagesize exist passed with the following output:
Change Dir: /home/dwitama/Documents/devel/c/radengan-app/exper/sdl/android-project/app/.cxx/Debug/4i2o3f3x/arm64-v8a/CMakeFiles/CMakeTmp

Run Build Command(s):/home/dwitama/Documents/devel/android/Android/sdk/cmake/3.22.1/bin/ninja cmTC_233f4 && [1/2] Building C object CMakeFiles/cmTC_233f4.dir/CheckSymbolExists.c.o
[2/2] Linking C executable cmTC_233f4


File /home/dwitama/Documents/devel/c/radengan-app/exper/sdl/android-project/app/.cxx/Debug/4i2o3f3x/arm64-v8a/CMakeFiles/CMakeTmp/CheckSymbolExists.c:
/* */
#include <unistd.h>

int main(int argc, char** argv)
{
  (void)argv;
#ifndef getpagesize
  return ((int*)(&getpagesize))[argc];
#else
  (void)argc;
  return 0;
#endif
}
Determining if the getresgid exist passed with the following output:
Change Dir: /home/dwitama/Documents/devel/c/radengan-app/exper/sdl/android-project/app/.cxx/Debug/4i2o3f3x/arm64-v8a/CMakeFiles/CMakeTmp

Run Build Command(s):/home/dwitama/Documents/devel/android/Android/sdk/cmake/3.22.1/bin/ninja cmTC_50cfa && [1/2] Building C object CMakeFiles/cmTC_50cfa.dir/CheckSymbolExists.c.o
[2/2] Linking C executable cmTC_50cfa


File /home/dwitama/Documents/devel/c/radengan-app/exper/sdl/android-project/app/.cxx/Debug/4i2o3f3x/arm64-v8a/CMakeFiles/CMakeTmp/CheckSymbolExists.c:
/* */
#include <unistd.h>

int main(int argc, char** argv)
{
  (void)argv;
#ifndef getresgid
  return ((int*)(&getresgid))[argc];
#else
  (void)argc;
  return 0;
#endif
}
Determining if the getresuid exist passed with the following output:
Change Dir: /home/dwitama/Documents/devel/c/radengan-app/exper/sdl/android-project/app/.cxx/Debug/4i2o3f3x/arm64-v8a/CMakeFiles/CMakeTmp

Run Build Command(s):/home/dwitama/Documents/devel/android/Android/sdk/cmake/3.22.1/bin/ninja cmTC_183dd && [1/2] Building C object CMakeFiles/cmTC_183dd.dir/CheckSymbolExists.c.o
[2/2] Linking C executable cmTC_183dd


File /home/dwitama/Documents/devel/c/radengan-app/exper/sdl/android-project/app/.cxx/Debug/4i2o3f3x/arm64-v8a/CMakeFiles/CMakeTmp/CheckSymbolExists.c:
/* */
#include <unistd.h>

int main(int argc, char** argv)
{
  (void)argv;
#ifndef getresuid
  return ((int*)(&getresuid))[argc];
#else
  (void)argc;
  return 0;
#endif
}
Determining if the sigaction exist passed with the following output:
Change Dir: /home/dwitama/Documents/devel/c/radengan-app/exper/sdl/android-project/app/.cxx/Debug/4i2o3f3x/arm64-v8a/CMakeFiles/CMakeTmp

Run Build Command(s):/home/dwitama/Documents/devel/android/Android/sdk/cmake/3.22.1/bin/ninja cmTC_69b34 && [1/2] Building C object CMakeFiles/cmTC_69b34.dir/CheckSymbolExists.c.o
[2/2] Linking C executable cmTC_69b34


File /home/dwitama/Documents/devel/c/radengan-app/exper/sdl/android-project/app/.cxx/Debug/4i2o3f3x/arm64-v8a/CMakeFiles/CMakeTmp/CheckSymbolExists.c:
/* */
#include <signal.h>

int main(int argc, char** argv)
{
  (void)argv;
#ifndef sigaction
  return ((int*)(&sigaction))[argc];
#else
  (void)argc;
  return 0;
#endif
}
Determining if the setjmp exist passed with the following output:
Change Dir: /home/dwitama/Documents/devel/c/radengan-app/exper/sdl/android-project/app/.cxx/Debug/4i2o3f3x/arm64-v8a/CMakeFiles/CMakeTmp

Run Build Command(s):/home/dwitama/Documents/devel/android/Android/sdk/cmake/3.22.1/bin/ninja cmTC_bf500 && [1/2] Building C object CMakeFiles/cmTC_bf500.dir/CheckSymbolExists.c.o
[2/2] Linking C executable cmTC_bf500


File /home/dwitama/Documents/devel/c/radengan-app/exper/sdl/android-project/app/.cxx/Debug/4i2o3f3x/arm64-v8a/CMakeFiles/CMakeTmp/CheckSymbolExists.c:
/* */
#include <setjmp.h>

int main(int argc, char** argv)
{
  (void)argv;
#ifndef setjmp
  return ((int*)(&setjmp))[argc];
#else
  (void)argc;
  return 0;
#endif
}
Determining if the nanosleep exist passed with the following output:
Change Dir: /home/dwitama/Documents/devel/c/radengan-app/exper/sdl/android-project/app/.cxx/Debug/4i2o3f3x/arm64-v8a/CMakeFiles/CMakeTmp

Run Build Command(s):/home/dwitama/Documents/devel/android/Android/sdk/cmake/3.22.1/bin/ninja cmTC_28284 && [1/2] Building C object CMakeFiles/cmTC_28284.dir/CheckSymbolExists.c.o
[2/2] Linking C executable cmTC_28284


File /home/dwitama/Documents/devel/c/radengan-app/exper/sdl/android-project/app/.cxx/Debug/4i2o3f3x/arm64-v8a/CMakeFiles/CMakeTmp/CheckSymbolExists.c:
/* */
#include <time.h>

int main(int argc, char** argv)
{
  (void)argv;
#ifndef nanosleep
  return ((int*)(&nanosleep))[argc];
#else
  (void)argc;
  return 0;
#endif
}
Determining if the gmtime_r exist passed with the following output:
Change Dir: /home/dwitama/Documents/devel/c/radengan-app/exper/sdl/android-project/app/.cxx/Debug/4i2o3f3x/arm64-v8a/CMakeFiles/CMakeTmp

Run Build Command(s):/home/dwitama/Documents/devel/android/Android/sdk/cmake/3.22.1/bin/ninja cmTC_828c7 && [1/2] Building C object CMakeFiles/cmTC_828c7.dir/CheckSymbolExists.c.o
[2/2] Linking C executable cmTC_828c7


File /home/dwitama/Documents/devel/c/radengan-app/exper/sdl/android-project/app/.cxx/Debug/4i2o3f3x/arm64-v8a/CMakeFiles/CMakeTmp/CheckSymbolExists.c:
/* */
#include <time.h>

int main(int argc, char** argv)
{
  (void)argv;
#ifndef gmtime_r
  return ((int*)(&gmtime_r))[argc];
#else
  (void)argc;
  return 0;
#endif
}
Determining if the localtime_r exist passed with the following output:
Change Dir: /home/dwitama/Documents/devel/c/radengan-app/exper/sdl/android-project/app/.cxx/Debug/4i2o3f3x/arm64-v8a/CMakeFiles/CMakeTmp

Run Build Command(s):/home/dwitama/Documents/devel/android/Android/sdk/cmake/3.22.1/bin/ninja cmTC_dd6eb && [1/2] Building C object CMakeFiles/cmTC_dd6eb.dir/CheckSymbolExists.c.o
[2/2] Linking C executable cmTC_dd6eb


File /home/dwitama/Documents/devel/c/radengan-app/exper/sdl/android-project/app/.cxx/Debug/4i2o3f3x/arm64-v8a/CMakeFiles/CMakeTmp/CheckSymbolExists.c:
/* */
#include <time.h>

int main(int argc, char** argv)
{
  (void)argv;
#ifndef localtime_r
  return ((int*)(&localtime_r))[argc];
#else
  (void)argc;
  return 0;
#endif
}
Determining if the sysconf exist passed with the following output:
Change Dir: /home/dwitama/Documents/devel/c/radengan-app/exper/sdl/android-project/app/.cxx/Debug/4i2o3f3x/arm64-v8a/CMakeFiles/CMakeTmp

Run Build Command(s):/home/dwitama/Documents/devel/android/Android/sdk/cmake/3.22.1/bin/ninja cmTC_fd1c8 && [1/2] Building C object CMakeFiles/cmTC_fd1c8.dir/CheckSymbolExists.c.o
[2/2] Linking C executable cmTC_fd1c8


File /home/dwitama/Documents/devel/c/radengan-app/exper/sdl/android-project/app/.cxx/Debug/4i2o3f3x/arm64-v8a/CMakeFiles/CMakeTmp/CheckSymbolExists.c:
/* */
#include <unistd.h>

int main(int argc, char** argv)
{
  (void)argv;
#ifndef sysconf
  return ((int*)(&sysconf))[argc];
#else
  (void)argc;
  return 0;
#endif
}
Determining if the getauxval exist passed with the following output:
Change Dir: /home/dwitama/Documents/devel/c/radengan-app/exper/sdl/android-project/app/.cxx/Debug/4i2o3f3x/arm64-v8a/CMakeFiles/CMakeTmp

Run Build Command(s):/home/dwitama/Documents/devel/android/Android/sdk/cmake/3.22.1/bin/ninja cmTC_6df22 && [1/2] Building C object CMakeFiles/cmTC_6df22.dir/CheckSymbolExists.c.o
[2/2] Linking C executable cmTC_6df22


File /home/dwitama/Documents/devel/c/radengan-app/exper/sdl/android-project/app/.cxx/Debug/4i2o3f3x/arm64-v8a/CMakeFiles/CMakeTmp/CheckSymbolExists.c:
/* */
#include <sys/auxv.h>

int main(int argc, char** argv)
{
  (void)argv;
#ifndef getauxval
  return ((int*)(&getauxval))[argc];
#else
  (void)argc;
  return 0;
#endif
}
Determining if the ppoll exist passed with the following output:
Change Dir: /home/dwitama/Documents/devel/c/radengan-app/exper/sdl/android-project/app/.cxx/Debug/4i2o3f3x/arm64-v8a/CMakeFiles/CMakeTmp

Run Build Command(s):/home/dwitama/Documents/devel/android/Android/sdk/cmake/3.22.1/bin/ninja cmTC_7cb14 && [1/2] Building C object CMakeFiles/cmTC_7cb14.dir/CheckSymbolExists.c.o
[2/2] Linking C executable cmTC_7cb14


File /home/dwitama/Documents/devel/c/radengan-app/exper/sdl/android-project/app/.cxx/Debug/4i2o3f3x/arm64-v8a/CMakeFiles/CMakeTmp/CheckSymbolExists.c:
/* */
#include <poll.h>

int main(int argc, char** argv)
{
  (void)argv;
#ifndef ppoll
  return ((int*)(&ppoll))[argc];
#else
  (void)argc;
  return 0;
#endif
}
Determining if the posix_fallocate exist passed with the following output:
Change Dir: /home/dwitama/Documents/devel/c/radengan-app/exper/sdl/android-project/app/.cxx/Debug/4i2o3f3x/arm64-v8a/CMakeFiles/CMakeTmp

Run Build Command(s):/home/dwitama/Documents/devel/android/Android/sdk/cmake/3.22.1/bin/ninja cmTC_366e0 && [1/2] Building C object CMakeFiles/cmTC_366e0.dir/CheckSymbolExists.c.o
[2/2] Linking C executable cmTC_366e0


File /home/dwitama/Documents/devel/c/radengan-app/exper/sdl/android-project/app/.cxx/Debug/4i2o3f3x/arm64-v8a/CMakeFiles/CMakeTmp/CheckSymbolExists.c:
/* */
#include <fcntl.h>

int main(int argc, char** argv)
{
  (void)argv;
#ifndef posix_fallocate
  return ((int*)(&posix_fallocate))[argc];
#else
  (void)argc;
  return 0;
#endif
}
Performing C SOURCE FILE Test HAVE_SA_SIGACTION succeeded with the following output:
Change Dir: /home/dwitama/Documents/devel/c/radengan-app/exper/sdl/android-project/app/.cxx/Debug/4i2o3f3x/arm64-v8a/CMakeFiles/CMakeTmp

Run Build Command(s):/home/dwitama/Documents/devel/android/Android/sdk/cmake/3.22.1/bin/ninja cmTC_83da8 && [1/2] Building C object CMakeFiles/cmTC_83da8.dir/src.c.o
[2/2] Linking C executable cmTC_83da8


Source file was:

#include <signal.h>

int main()
{
  (void)sizeof(((struct sigaction *)0)->sa_sigaction);
  return 0;
}

Performing C SOURCE FILE Test HAVE_ST_MTIM succeeded with the following output:
Change Dir: /home/dwitama/Documents/devel/c/radengan-app/exper/sdl/android-project/app/.cxx/Debug/4i2o3f3x/arm64-v8a/CMakeFiles/CMakeTmp

Run Build Command(s):/home/dwitama/Documents/devel/android/Android/sdk/cmake/3.22.1/bin/ninja cmTC_b44c5 && [1/2] Building C object CMakeFiles/cmTC_b44c5.dir/src.c.o
[2/2] Linking C executable cmTC_b44c5


Source file was:

#include <sys/stat.h>

int main()
{
  (void)sizeof(((struct stat *)0)->st_mtim);
  return 0;
}

Determining if the dlopen exist passed with the following output:
Change Dir: /home/dwitama/Documents/devel/c/radengan-app/exper/sdl/android-project/app/.cxx/Debug/4i2o3f3x/arm64-v8a/CMakeFiles/CMakeTmp

Run Build Command(s):/home/dwitama/Documents/devel/android/Android/sdk/cmake/3.22.1/bin/ninja cmTC_c25cd && [1/2] Building C object CMakeFiles/cmTC_c25cd.dir/CheckSymbolExists.c.o
[2/2] Linking C executable cmTC_c25cd


File /home/dwitama/Documents/devel/c/radengan-app/exper/sdl/android-project/app/.cxx/Debug/4i2o3f3x/arm64-v8a/CMakeFiles/CMakeTmp/CheckSymbolExists.c:
/* */
#include <dlfcn.h>

int main(int argc, char** argv)
{
  (void)argv;
#ifndef dlopen
  return ((int*)(&dlopen))[argc];
#else
  (void)argc;
  return 0;
#endif
}
Performing C SOURCE FILE Test HAVE_O_CLOEXEC succeeded with the following output:
Change Dir: /home/dwitama/Documents/devel/c/radengan-app/exper/sdl/android-project/app/.cxx/Debug/4i2o3f3x/arm64-v8a/CMakeFiles/CMakeTmp

Run Build Command(s):/home/dwitama/Documents/devel/android/Android/sdk/cmake/3.22.1/bin/ninja cmTC_179f5 && [1/2] Building C object CMakeFiles/cmTC_179f5.dir/src.c.o
[2/2] Linking C executable cmTC_179f5


Source file was:

    #include <fcntl.h>
    int flag = O_CLOEXEC;
    int main(int argc, char **argv) { return 0; }
Performing C SOURCE FILE Test VULKAN_PASSED_ANDROID_CHECKS succeeded with the following output:
Change Dir: /home/dwitama/Documents/devel/c/radengan-app/exper/sdl/android-project/app/.cxx/Debug/4i2o3f3x/arm64-v8a/CMakeFiles/CMakeTmp

Run Build Command(s):/home/dwitama/Documents/devel/android/Android/sdk/cmake/3.22.1/bin/ninja cmTC_45250 && [1/2] Building C object CMakeFiles/cmTC_45250.dir/src.c.o
[2/2] Linking C executable cmTC_45250


Source file was:

      #if defined(__ARM_ARCH) && __ARM_ARCH < 7
      #error Vulkan doesn't work on this configuration
      #endif
      int main(int argc, char **argv) { return 0; }
      
Performing C SOURCE FILE Test HAVE_PTHREADS succeeded with the following output:
Change Dir: /home/dwitama/Documents/devel/c/radengan-app/exper/sdl/android-project/app/.cxx/Debug/4i2o3f3x/arm64-v8a/CMakeFiles/CMakeTmp

Run Build Command(s):/home/dwitama/Documents/devel/android/Android/sdk/cmake/3.22.1/bin/ninja cmTC_605b5 && [1/2] Building C object CMakeFiles/cmTC_605b5.dir/src.c.o
[2/2] Linking C executable cmTC_605b5


Source file was:

        #include <pthread.h>
        int main(int argc, char** argv) {
          pthread_attr_t type;
          pthread_attr_init(&type);
          return 0;
        }
Performing C SOURCE FILE Test HAVE_RECURSIVE_MUTEXES succeeded with the following output:
Change Dir: /home/dwitama/Documents/devel/c/radengan-app/exper/sdl/android-project/app/.cxx/Debug/4i2o3f3x/arm64-v8a/CMakeFiles/CMakeTmp

Run Build Command(s):/home/dwitama/Documents/devel/android/Android/sdk/cmake/3.22.1/bin/ninja cmTC_6095d && [1/2] Building C object CMakeFiles/cmTC_6095d.dir/src.c.o
[2/2] Linking C executable cmTC_6095d


Source file was:

        #include <pthread.h>
        int main(int argc, char **argv) {
          pthread_mutexattr_t attr;
          pthread_mutexattr_settype(&attr, PTHREAD_MUTEX_RECURSIVE);
          return 0;
        }
Performing C SOURCE FILE Test HAVE_PTHREADS_SEM succeeded with the following output:
Change Dir: /home/dwitama/Documents/devel/c/radengan-app/exper/sdl/android-project/app/.cxx/Debug/4i2o3f3x/arm64-v8a/CMakeFiles/CMakeTmp

Run Build Command(s):/home/dwitama/Documents/devel/android/Android/sdk/cmake/3.22.1/bin/ninja cmTC_1251e && [1/2] Building C object CMakeFiles/cmTC_1251e.dir/src.c.o
[2/2] Linking C executable cmTC_1251e


Source file was:
#include <pthread.h>
                                 #include <semaphore.h>
                                 int main(int argc, char **argv) { return 0; }
Performing C SOURCE FILE Test COMPILER_HAS_SEM_TIMEDWAIT succeeded with the following output:
Change Dir: /home/dwitama/Documents/devel/c/radengan-app/exper/sdl/android-project/app/.cxx/Debug/4i2o3f3x/arm64-v8a/CMakeFiles/CMakeTmp

Run Build Command(s):/home/dwitama/Documents/devel/android/Android/sdk/cmake/3.22.1/bin/ninja cmTC_aee72 && [1/2] Building C object CMakeFiles/cmTC_aee72.dir/src.c.o
/home/dwitama/Documents/devel/c/radengan-app/exper/sdl/android-project/app/.cxx/Debug/4i2o3f3x/arm64-v8a/CMakeFiles/CMakeTmp/src.c:5:33: warning: null passed to a callee that requires a non-null argument [-Wnonnull]
    5 |                   sem_timedwait(NULL, NULL);
      |                                 ^~~~
/home/dwitama/Documents/devel/android/Android/sdk/ndk/28.2.13676358/toolchains/llvm/prebuilt/linux-x86_64/lib/clang/19/include/__stddef_null.h:26:14: note: expanded from macro 'NULL'
   26 | #define NULL ((void*)0)
      |              ^~~~~~~~~~
/home/dwitama/Documents/devel/c/radengan-app/exper/sdl/android-project/app/.cxx/Debug/4i2o3f3x/arm64-v8a/CMakeFiles/CMakeTmp/src.c:5:39: warning: null passed to a callee that requires a non-null argument [-Wnonnull]
    5 |                   sem_timedwait(NULL, NULL);
      |                                       ^~~~
/home/dwitama/Documents/devel/android/Android/sdk/ndk/28.2.13676358/toolchains/llvm/prebuilt/linux-x86_64/lib/clang/19/include/__stddef_null.h:26:14: note: expanded from macro 'NULL'
   26 | #define NULL ((void*)0)
      |              ^~~~~~~~~~
2 warnings generated.
[2/2] Linking C executable cmTC_aee72


Source file was:

              #include <pthread.h>
              #include <semaphore.h>
              int main(int argc, char **argv) {
                  sem_timedwait(NULL, NULL);
                  return 0;
              }
Determining if the include file pthread.h exists passed with the following output:
Change Dir: /home/dwitama/Documents/devel/c/radengan-app/exper/sdl/android-project/app/.cxx/Debug/4i2o3f3x/arm64-v8a/CMakeFiles/CMakeTmp

Run Build Command(s):/home/dwitama/Documents/devel/android/Android/sdk/cmake/3.22.1/bin/ninja cmTC_c46bc && [1/2] Building C object CMakeFiles/cmTC_c46bc.dir/CheckIncludeFile.c.o
[2/2] Linking C executable cmTC_c46bc



Performing C SOURCE FILE Test HAVE_PTHREAD_SETNAME_NP succeeded with the following output:
Change Dir: /home/dwitama/Documents/devel/c/radengan-app/exper/sdl/android-project/app/.cxx/Debug/4i2o3f3x/arm64-v8a/CMakeFiles/CMakeTmp

Run Build Command(s):/home/dwitama/Documents/devel/android/Android/sdk/cmake/3.22.1/bin/ninja cmTC_89810 && [1/2] Building C object CMakeFiles/cmTC_89810.dir/src.c.o
[2/2] Linking C executable cmTC_89810


Source file was:

            #include <pthread.h>
            int main(int argc, char **argv) {
              #ifdef __APPLE__
              pthread_setname_np("");
              #else
              pthread_setname_np(pthread_self(),"");
              #endif
              return 0;
            }
